run_id,tick,p0_troops,p0_nodes,p0_kills,p0_deaths,p0_kd,p0_on_nodes,p0_in_transit,p1_troops,p1_nodes,p1_kills,p1_deaths,p1_kd,p1_on_nodes,p1_in_transit
0,0,606,5,0,0,0,585,21,606,5,0,0,0,516,90
0,1,612,5,0,0,0,501,111,612,5,0,0,0,449,163
0,2,618,5,0,0,0,507,111,618,5,0,0,0,389,229
0,3,624,5,0,0,0,513,111,624,5,0,0,0,340,284
0,4,630,5,0,0,0,519,111,630,5,0,0,0,298,332
0,5,636,5,0,0,0,525,111,636,5,0,0,0,262,374
0,6,642,5,0,0,0,531,111,642,5,0,0,0,232,410
0,7,648,5,0,0,0,537,111,648,5,0,0,0,207,441
0,8,654,5,0,0,0,543,111,654,5,0,0,0,183,471
0,9,660,5,0,0,0,549,111,660,5,0,0,0,165,495
0,10,666,5,0,0,0,555,111,666,5,0,0,0,148,518
0,11,672,5,0,0,0,561,111,672,5,0,0,0,135,537
0,12,678,5,0,0,0,567,111,678,5,0,0,0,123,555
0,13,684,5,0,0,0,573,111,684,5,0,0,0,112,572
0,14,690,5,0,0,0,579,111,690,5,0,0,0,105,585
0,15,696,5,0,0,0,585,111,696,5,0,0,0,99,597
0,16,702,5,0,0,0,591,111,702,5,0,0,0,93,609
0,17,708,5,0,0,0,597,111,708,5,0,0,0,87,621
0,18,714,5,0,0,0,603,111,714,5,0,0,0,81,633
0,19,720,5,0,0,0,609,111,720,5,0,0,0,76,644
0,20,726,5,0,0,0,615,111,726,5,0,0,0,75,651
0,21,732,5,0,0,0,621,111,732,5,0,0,0,74,658
0,22,738,5,0,0,0,627,111,738,5,0,0,0,73,665
0,23,744,5,0,0,0,633,111,744,5,0,0,0,72,672
0,24,750,5,0,0,0,639,111,750,5,0,0,0,71,679
0,25,756,5,0,0,0,645,111,756,5,0,0,0,71,685
0,26,762,5,0,0,0,651,111,762,5,0,0,0,71,691
0,27,768,5,0,0,0,657,111,768,5,0,0,0,71,697
0,28,774,5,0,0,0,663,111,774,5,0,0,0,71,703
0,29,780,5,0,0,0,669,111,780,5,0,0,0,71,709
0,30,786,5,0,0,0,675,111,786,5,0,0,0,71,715
0,31,792,5,0,0,0,681,111,792,5,0,0,0,71,721
0,32,798,5,0,0,0,687,111,798,5,0,0,0,71,727
0,33,804,5,0,0,0,693,111,804,5,0,0,0,71,733
0,34,810,5,0,0,0,699,111,810,5,0,0,0,71,739
0,35,816,5,0,0,0,705,111,816,5,0,0,0,71,745
0,36,822,5,0,0,0,711,111,822,5,0,0,0,71,751
0,37,828,5,0,0,0,717,111,828,5,0,0,0,71,757
0,38,834,5,0,0,0,723,111,834,5,0,0,0,71,763
0,39,840,5,0,0,0,729,111,840,5,0,0,0,71,769
0,40,846,5,0,0,0,735,111,846,5,0,0,0,71,775
0,41,852,5,0,0,0,741,111,852,5,0,0,0,71,781
0,42,858,5,0,0,0,747,111,858,5,0,0,0,71,787
0,43,864,5,0,0,0,753,111,864,5,0,0,0,71,793
0,44,870,5,0,0,0,759,111,870,5,0,0,0,71,799
0,45,876,5,0,0,0,765,111,876,5,0,0,0,71,805
0,46,882,5,0,0,0,771,111,882,5,0,0,0,71,811
0,47,888,5,0,0,0,777,111,888,5,0,0,0,71,817
0,48,894,5,0,0,0,783,111,894,5,0,0,0,71,823
0,49,900,5,0,0,0,789,111,900,5,0,0,0,71,829
0,50,906,5,0,0,0,795,111,906,5,0,0,0,71,835
0,51,912,5,0,0,0,801,111,912,5,0,0,0,71,841
0,52,918,5,0,0,0,807,111,918,5,0,0,0,71,847
0,53,924,5,0,0,0,813,111,924,5,0,0,0,71,853
0,54,930,5,0,0,0,819,111,930,5,0,0,0,71,859
0,55,936,5,0,0,0,825,111,936,5,0,0,0,71,865
0,56,942,5,0,0,0,831,111,942,5,0,0,0,71,871
0,57,948,5,0,0,0,837,111,948,5,0,0,0,71,877
0,58,954,5,0,0,0,843,111,954,5,0,0,0,71,883
0,59,960,5,0,0,0,849,111,960,5,0,0,0,71,889
0,60,966,5,0,0,0,855,111,966,5,0,0,0,71,895
0,61,972,5,0,0,0,861,111,972,5,0,0,0,71,901
0,62,978,5,0,0,0,867,111,978,5,0,0,0,71,907
0,63,984,5,0,0,0,873,111,984,5,0,0,0,71,913
0,64,990,5,0,0,0,879,111,990,5,0,0,0,71,919
0,65,996,5,0,0,0,885,111,996,5,0,0,0,71,925
0,66,1002,5,0,0,0,891,111,1002,5,0,0,0,71,931
0,67,1008,5,0,0,0,897,111,1008,5,0,0,0,71,937
0,68,1014,5,0,0,0,889,125,1014,5,0,0,0,71,943
0,69,1020,5,0,0,0,895,125,1020,5,0,0,0,71,949
0,70,1026,5,0,0,0,901,125,1026,5,0,0,0,71,955
0,71,1032,5,0,0,0,907,125,1032,5,0,0,0,71,961
0,72,1038,5,0,0,0,913,125,1038,5,0,0,0,71,967
0,73,1044,5,0,0,0,919,125,1044,5,0,0,0,71,973
0,74,1050,5,0,0,0,925,125,1050,5,0,0,0,71,979
0,75,1056,5,0,0,0,931,125,1056,5,0,0,0,71,985
0,76,1062,5,0,0,0,937,125,1062,5,0,0,0,71,991
0,77,1068,5,0,0,0,943,125,1068,5,0,0,0,71,997
0,78,1074,5,0,0,0,949,125,1074,5,0,0,0,71,1003
0,79,1080,5,0,0,0,955,125,1080,5,0,0,0,71,1009
0,80,1086,5,0,0,0,961,125,1086,5,0,0,0,71,1015
0,81,1092,5,0,0,0,967,125,1092,5,0,0,0,71,1021
0,82,1098,5,0,0,0,973,125,1098,5,0,0,0,71,1027
0,83,1104,5,0,0,0,979,125,1104,5,0,0,0,71,1033
0,84,1110,5,0,0,0,985,125,1110,5,0,0,0,71,1039
0,85,1116,5,0,0,0,991,125,1116,5,0,0,0,71,1045
0,86,1122,5,0,0,0,997,125,1122,5,0,0,0,71,1051
0,87,1128,5,0,0,0,1003,125,1128,5,0,0,0,71,1057
0,88,1134,5,0,0,0,1009,125,1134,5,0,0,0,71,1063
0,89,1140,5,0,0,0,1015,125,1140,5,0,0,0,71,1069
0,90,1146,5,0,0,0,1021,125,1146,5,0,0,0,71,1075
0,91,1152,5,0,0,0,1027,125,1152,5,0,0,0,71,1081
0,92,1158,5,0,0,0,1033,125,1158,5,0,0,0,71,1087
0,93,1164,5,0,0,0,1039,125,1164,5,0,0,0,71,1093
0,94,1170,5,0,0,0,1045,125,1170,5,0,0,0,71,1099
0,95,1176,5,0,0,0,1037,139,1176,5,0,0,0,71,1105
0,96,1182,5,0,0,0,1043,139,1182,5,0,0,0,71,1111
0,97,1188,5,0,0,0,1049,139,1188,5,0,0,0,71,1117
0,98,1194,5,0,0,0,1055,139,1194,5,0,0,0,71,1123
0,99,1200,5,0,0,0,1061,139,1200,5,0,0,0,71,1129
0,100,1206,5,0,0,0,1067,139,1206,5,0,0,0,71,1135
0,101,1212,5,0,0,0,1073,139,1212,5,0,0,0,71,1141
0,102,1218,5,0,0,0,1079,139,1218,5,0,0,0,71,1147
0,103,1224,5,0,0,0,1085,139,1224,5,0,0,0,71,1153
0,104,1230,5,0,0,0,1091,139,1230,5,0,0,0,71,1159
0,105,1236,5,0,0,0,1121,115,1236,5,0,0,0,71,1165
0,106,1242,5,0,0,0,1127,115,1242,5,0,0,0,71,1171
0,107,1248,5,0,0,0,1133,115,1248,5,0,0,0,71,1177
0,108,1254,5,0,0,0,1139,115,1254,5,0,0,0,71,1183
0,109,1260,5,0,0,0,1145,115,1260,5,0,0,0,71,1189
0,110,1266,5,0,0,0,1151,115,1266,5,0,0,0,71,1195
0,111,1272,5,0,0,0,1157,115,1272,5,0,0,0,71,1201
0,112,1278,5,0,0,0,1149,129,1278,5,0,0,0,71,1207
0,113,1284,5,0,0,0,1155,129,1284,5,0,0,0,71,1213
0,114,1290,5,0,0,0,1161,129,1290,5,0,0,0,71,1219
0,115,1296,5,0,0,0,1167,129,1296,5,0,0,0,71,1225
0,116,1302,5,0,0,0,1173,129,1302,5,0,0,0,71,1231
0,117,1308,5,0,0,0,1179,129,1308,5,0,0,0,71,1237
0,118,1314,5,0,0,0,1185,129,1314,5,0,0,0,71,1243
0,119,1320,5,0,0,0,1191,129,1320,5,0,0,0,71,1249
0,120,1326,5,0,0,0,1197,129,1326,5,0,0,0,71,1255
0,121,1332,5,0,0,0,1203,129,1332,5,0,0,0,71,1261
0,122,1338,5,0,0,0,1195,143,1338,5,0,0,0,71,1267
0,123,1344,5,0,0,0,1201,143,1344,5,0,0,0,71,1273
0,124,1350,5,0,0,0,1207,143,1350,5,0,0,0,71,1279
0,125,1356,5,0,0,0,1213,143,1356,5,0,0,0,71,1285
0,126,1362,5,0,0,0,1219,143,1362,5,0,0,0,71,1291
0,127,1368,5,0,0,0,1225,143,1368,5,0,0,0,71,1297
0,128,1374,5,0,0,0,1231,143,1374,5,0,0,0,71,1303
0,129,1380,5,0,0,0,1223,157,1380,5,0,0,0,71,1309
0,130,1386,5,0,0,0,1229,157,1386,5,0,0,0,71,1315
0,131,1392,5,0,0,0,1235,157,1392,5,0,0,0,71,1321
0,132,1398,5,0,0,0,1241,157,1398,5,0,0,0,71,1327
0,133,1404,5,0,0,0,1233,171,1404,5,0,0,0,71,1333
0,134,1410,5,0,0,0,1239,171,1410,5,0,0,0,71,1339
0,135,1416,5,0,0,0,1402,14,1416,5,0,0,0,71,1345
0,136,1422,5,0,0,0,1408,14,1422,5,0,0,0,71,1351
0,137,1428,5,0,0,0,1400,28,1428,5,0,0,0,71,1357
0,138,1432,4,2,1,2,1418,14,1432,5,1,2,0.5,916,516
0,139,1435,4,4,3,1.33333,1222,213,1436,5,3,4,0.75,817,619
0,140,1438,4,7,5,1.4,1015,423,1439,5,5,7,0.714286,735,704
0,141,1441,4,9,7,1.28571,812,629,1443,5,7,9,0.777778,666,777
0,142,1444,4,11,9,1.22222,611,833,1447,5,9,11,0.818182,609,838
0,143,1447,4,14,11,1.27273,413,1034,1450,5,11,14,0.785714,896,554
0,144,1451,4,16,12,1.33333,259,1192,1454,5,12,16,0.75,803,651
0,145,1454,4,18,14,1.28571,257,1197,1458,5,14,18,0.777778,724,734
0,146,1457,4,20,16,1.25,255,1202,1462,5,16,20,0.8,656,806
0,147,1460,4,23,18,1.27778,253,1207,1465,5,18,23,0.782609,599,866
0,148,1464,4,25,19,1.31579,252,1212,1469,5,19,25,0.76,550,919
0,149,1467,4,27,21,1.28571,250,1217,1473,5,21,27,0.777778,508,965
0,150,1470,4,29,23,1.26087,248,1222,1477,5,23,29,0.793103,473,1004
0,151,1473,4,32,25,1.28,246,1227,1480,5,25,32,0.78125,440,1040
0,152,1477,4,34,26,1.30769,245,1232,1484,5,26,34,0.764706,422,1062
0,153,1480,4,36,28,1.28571,243,1237,1488,5,28,36,0.777778,395,1093
0,154,1483,4,38,30,1.26667,241,1242,1492,5,30,38,0.789474,372,1120
0,155,1487,4,40,31,1.29032,240,1247,1496,5,31,40,0.775,352,1144
0,156,1490,4,42,33,1.27273,238,1252,1500,5,33,42,0.785714,335,1165
0,157,1493,4,44,35,1.25714,236,1257,1504,5,35,44,0.795455,319,1185
0,158,1497,4,47,36,1.30556,235,1262,1507,5,36,47,0.765957,316,1191
0,159,1500,4,49,38,1.28947,233,1267,1511,5,38,49,0.77551,301,1210
0,160,1504,4,51,39,1.30769,232,1272,1515,5,39,51,0.764706,289,1226
0,161,1507,4,53,41,1.29268,230,1277,1519,5,41,53,0.773585,279,1240
0,162,1511,4,55,42,1.30952,229,1282,1523,5,42,55,0.763636,270,1253
0,163,1514,4,57,44,1.29545,227,1287,1527,5,44,57,0.77193,261,1266
0,164,1518,4,59,45,1.31111,226,1292,1531,5,45,59,0.762712,265,1266
0,165,1521,4,61,47,1.29787,224,1297,1535,5,47,61,0.770492,258,1277
0,166,1525,4,63,48,1.3125,223,1302,1539,5,48,63,0.761905,251,1288
0,167,1529,4,65,49,1.32653,222,1307,1543,5,49,65,0.753846,246,1297
0,168,1532,4,67,51,1.31373,220,1312,1547,5,51,67,0.761194,241,1306
0,169,1536,4,69,52,1.32692,219,1317,1551,5,52,69,0.753623,237,1314
0,170,1539,4,71,54,1.31481,217,1322,1555,5,54,71,0.760563,245,1310
0,171,1543,4,73,55,1.32727,216,1327,1559,5,55,73,0.753425,240,1319
0,172,1547,4,74,56,1.32143,215,1332,1564,5,56,74,0.756757,236,1328
0,173,1550,4,76,58,1.31034,213,1337,1568,5,58,76,0.763158,231,1337
0,174,1554,4,78,59,1.32203,212,1342,1572,5,59,78,0.75641,227,1345
0,175,1558,4,80,60,1.33333,211,1347,1576,5,60,80,0.75,223,1353
0,176,1562,4,82,61,1.34426,210,1352,1580,5,61,82,0.743902,231,1349
0,177,1565,4,84,63,1.33333,208,1357,1584,5,63,84,0.75,226,1358
0,178,1569,4,86,64,1.34375,207,1362,1588,5,64,86,0.744186,221,1367
0,179,1573,4,88,65,1.35385,206,1367,1592,5,65,88,0.738636,217,1375
0,180,1577,4,89,66,1.34848,205,1372,1597,5,66,89,0.741573,214,1383
0,181,1581,4,91,67,1.35821,204,1377,1601,5,67,91,0.736264,210,1391
0,182,1585,4,93,68,1.36765,203,1382,1605,5,68,93,0.731183,219,1386
0,183,1588,4,95,70,1.35714,201,1387,1609,5,70,95,0.736842,214,1395
0,184,1592,4,97,71,1.3662,200,1392,1613,5,71,97,0.731959,210,1403
0,185,1596,4,98,72,1.36111,199,1397,1618,5,72,98,0.734694,207,1411
0,186,1600,4,100,73,1.36986,198,1402,1622,5,73,100,0.73,203,1419
0,187,1604,4,102,74,1.37838,197,1407,1626,5,74,102,0.72549,199,1427
0,188,1608,4,104,75,1.38667,196,1412,1630,5,75,104,0.721154,208,1422
0,189,1612,4,106,76,1.39474,195,1417,1634,5,76,106,0.716981,203,1431
0,190,1616,4,107,77,1.38961,194,1422,1639,5,77,107,0.719626,200,1439
0,191,1620,4,109,78,1.39744,193,1427,1643,5,78,109,0.715596,196,1447
0,192,1624,4,111,79,1.40506,192,1432,1647,5,79,111,0.711712,192,1455
0,193,1628,4,112,80,1.4,191,1437,1652,5,80,112,0.714286,189,1463
0,194,1632,4,114,81,1.40741,190,1442,1656,5,81,114,0.710526,198,1458
0,195,1636,4,116,82,1.41463,189,1447,1660,5,82,116,0.706897,193,1467
0,196,1640,4,118,83,1.42169,189,1451,1664,5,83,118,0.70339,189,1475
0,197,1644,4,119,84,1.41667,193,1451,1669,5,84,119,0.705882,186,1483
0,198,1649,4,121,84,1.44048,198,1451,1673,5,84,121,0.694215,182,1491
0,199,1653,4,123,85,1.44706,202,1451,1677,5,85,123,0.691057,178,1499
0,200,1657,4,124,86,1.44186,206,1451,1682,5,86,124,0.693548,188,1494
0,201,1661,4,126,87,1.44828,210,1451,1686,5,87,126,0.690476,183,1503
0,202,1665,4,128,88,1.45455,214,1451,1690,5,88,128,0.6875,179,1511
0,203,1669,4,129,89,1.44944,218,1451,1695,5,89,129,0.689922,176,1519
0,204,1674,4,131,89,1.47191,223,1451,1699,5,89,131,0.679389,172,1527
0,205,1678,4,132,90,1.46667,227,1451,1704,5,90,132,0.681818,169,1535
0,206,1682,4,134,91,1.47253,231,1451,1708,5,91,134,0.679105,178,1530
0,207,1686,4,136,92,1.47826,235,1451,1712,5,92,136,0.676471,173,1539
0,208,1691,4,137,92,1.48913,240,1451,1717,5,92,137,0.671533,170,1547
0,209,1695,4,139,93,1.49462,244,1451,1721,5,93,139,0.669065,166,1555
0,210,1699,4,141,94,1.5,248,1451,1725,5,94,141,0.666667,162,1563
0,211,1704,4,142,94,1.51064,253,1451,1730,5,94,142,0.661972,159,1571
0,212,1708,4,144,95,1.51579,257,1451,1734,5,95,144,0.659722,168,1566
0,213,1712,4,145,96,1.51042,261,1451,1739,5,96,145,0.662069,164,1575
0,214,1717,4,147,96,1.53125,266,1451,1743,5,96,147,0.653061,160,1583
0,215,1721,4,148,97,1.52577,270,1451,1748,5,97,148,0.655405,157,1591
0,216,1725,4,150,98,1.53061,274,1451,1752,5,98,150,0.653333,153,1599
0,217,1730,4,152,98,1.55102,279,1451,1756,5,98,152,0.644737,149,1607
0,218,1734,4,153,99,1.54545,283,1451,1761,5,99,153,0.647059,159,1602
0,219,1739,4,155,99,1.56566,288,1451,1765,5,99,155,0.63871,154,1611
0,220,1743,4,156,100,1.56,292,1451,1770,5,100,156,0.641026,151,1619
0,221,1748,4,158,100,1.58,297,1451,1774,5,100,158,0.632911,147,1627
0,222,1752,4,159,101,1.57426,301,1451,1779,5,101,159,0.63522,144,1635
0,223,1757,4,161,101,1.59406,306,1451,1783,5,101,161,0.627329,140,1643
0,224,1761,4,162,102,1.58824,310,1451,1788,5,102,162,0.62963,150,1638
0,225,1766,4,164,102,1.60784,315,1451,1792,5,102,164,0.621951,145,1647
0,226,1770,4,166,103,1.61165,319,1451,1796,5,103,166,0.620482,141,1655
0,227,1775,4,167,103,1.62136,324,1451,1801,5,103,167,0.616766,138,1663
0,228,1779,4,169,104,1.625,328,1451,1805,5,104,169,0.615385,134,1671
0,229,1784,4,170,104,1.63462,333,1451,1810,5,104,170,0.611765,131,1679
0,230,1789,4,172,104,1.65385,338,1451,1814,5,104,172,0.604651,140,1674
0,231,1793,4,173,105,1.64762,342,1451,1819,5,105,173,0.606936,136,1683
0,232,1798,4,175,105,1.66667,347,1451,1823,5,105,175,0.6,132,1691
0,233,1802,4,176,106,1.66038,351,1451,1828,5,106,176,0.602273,129,1699
0,234,1807,4,178,106,1.67925,356,1451,1832,5,106,178,0.595506,125,1707
0,235,1812,4,179,106,1.68868,361,1451,1837,5,106,179,0.592179,122,1715
0,236,1817,4,181,106,1.70755,366,1451,1841,5,106,181,0.585635,131,1710
0,237,1821,4,182,107,1.70093,370,1451,1846,5,107,182,0.587912,127,1719
0,238,1826,4,184,107,1.71963,375,1451,1850,5,107,184,0.581522,123,1727
0,239,1831,4,185,107,1.72897,380,1451,1855,5,107,185,0.578378,120,1735
0,240,1835,4,187,108,1.73148,384,1451,1859,5,108,187,0.57754,116,1743
0,241,1840,4,188,108,1.74074,389,1451,1864,5,108,188,0.574468,113,1751
0,242,1845,4,190,108,1.75926,394,1451,1868,5,108,190,0.568421,122,1746
0,243,1850,4,191,108,1.76852,399,1451,1873,5,108,191,0.565445,118,1755
0,244,1855,4,193,108,1.78704,404,1451,1877,5,108,193,0.559586,114,1763
0,245,1859,4,194,109,1.77982,408,1451,1882,5,109,194,0.561856,111,1771
0,246,1864,4,196,109,1.79817,413,1451,1886,5,109,196,0.556122,107,1779
0,247,1869,4,197,109,1.80734,418,1451,1891,5,109,197,0.553299,104,1787
0,248,1874,4,199,109,1.82569,423,1451,1895,5,109,199,0.547739,113,1782
0,249,1879,4,200,109,1.83486,428,1451,1900,5,109,200,0.545,109,1791
0,250,1884,4,202,109,1.85321,433,1451,1904,5,109,202,0.539604,105,1799
0,251,1889,4,203,109,1.86239,438,1451,1909,5,109,203,0.536946,102,1807
0,252,1894,4,205,109,1.88073,443,1451,1913,5,109,205,0.531707,98,1815
0,253,1899,4,206,109,1.88991,448,1451,1918,5,109,206,0.529126,95,1823
0,254,1904,4,208,109,1.90826,453,1451,1922,5,109,208,0.524038,104,1818
0,255,1909,4,209,109,1.91743,458,1451,1927,5,109,209,0.521531,100,1827
0,256,1914,4,211,109,1.93578,463,1451,1931,5,109,211,0.516588,96,1835
0,257,1919,4,212,109,1.94495,468,1451,1936,5,109,212,0.514151,93,1843
0,258,1924,4,214,109,1.9633,473,1451,1940,5,109,214,0.509346,89,1851
0,259,1929,4,215,109,1.97248,478,1451,1945,5,109,215,0.506977,86,1859
0,260,1934,4,217,109,1.99083,483,1451,1949,5,109,217,0.502304,95,1854
0,261,1939,4,218,109,2,488,1451,1954,5,109,218,0.5,91,1863
0,262,1944,4,220,109,2.01835,493,1451,1958,5,109,220,0.495455,87,1871
0,263,1949,4,222,109,2.0367,498,1451,1962,5,109,222,0.490991,83,1879
0,264,1954,4,223,109,2.04587,503,1451,1967,5,109,223,0.488789,80,1887
0,265,1960,5,225,109,2.06422,509,1451,1971,5,109,225,0.484444,76,1895
0,266,1966,5,225,109,2.06422,501,1465,1977,5,109,225,0.484444,87,1890
0,267,1972,5,225,109,2.06422,507,1465,1983,5,109,225,0.484444,84,1899
0,268,1978,5,225,109,2.06422,513,1465,1989,5,109,225,0.484444,82,1907
0,269,1984,5,225,109,2.06422,519,1465,1995,5,109,225,0.484444,80,1915
0,270,1990,5,225,109,2.06422,525,1465,2001,5,109,225,0.484444,78,1923
0,271,1996,5,225,109,2.06422,531,1465,2007,5,109,225,0.484444,76,1931
0,272,2002,5,225,109,2.06422,523,1479,2013,5,109,225,0.484444,87,1926
0,273,2008,5,225,109,2.06422,529,1479,2019,5,109,225,0.484444,84,1935
0,274,2014,5,225,109,2.06422,535,1479,2025,5,109,225,0.484444,82,1943
0,275,2020,5,225,109,2.06422,541,1479,2031,5,109,225,0.484444,80,1951
0,276,2026,5,225,109,2.06422,533,1493,2037,5,109,225,0.484444,78,1959
0,277,2032,5,225,109,2.06422,539,1493,2043,5,109,225,0.484444,76,1967
0,278,2038,5,225,109,2.06422,573,1465,2049,5,109,225,0.484444,87,1962
0,279,2044,5,225,109,2.06422,579,1465,2055,5,109,225,0.484444,84,1971
0,280,2046,4,226,112,2.01786,581,1465,2060,5,112,226,0.495575,438,1622
0,281,2048,4,227,115,1.97391,506,1542,2065,5,115,227,0.506608,438,1627
0,282,2049,4,228,119,1.91597,420,1629,2070,5,119,228,0.52193,437,1633
0,283,2051,4,232,122,1.90164,608,1443,2072,5,122,232,0.525862,800,1272
0,284,2053,4,236,125,1.888,727,1326,2074,5,125,236,0.529661,753,1321
0,285,2055,4,240,128,1.875,724,1331,2076,5,128,240,0.533333,700,1376
0,286,2057,4,244,131,1.8626,426,1631,2078,5,131,244,0.536885,655,1423
0,287,2059,4,248,134,1.85075,423,1636,2080,5,134,248,0.540323,617,1463
0,288,2061,4,251,137,1.83212,420,1641,2083,5,137,251,0.545817,585,1498
0,289,2063,4,255,140,1.82143,1007,1056,2085,5,140,255,0.54902,1042,1043
0,290,2065,4,259,143,1.81119,698,1367,2087,5,143,259,0.552124,957,1130
0,291,2067,4,263,146,1.80137,411,1656,2089,5,146,263,0.555133,872,1217
0,292,2069,4,266,149,1.78523,408,1661,2092,5,149,266,0.56015,800,1292
0,293,2071,4,270,152,1.77632,405,1666,2094,5,152,270,0.562963,737,1357
0,294,2073,4,274,155,1.76774,402,1671,2096,5,155,274,0.565693,682,1414
0,295,2076,4,277,157,1.76433,400,1676,2099,5,157,277,0.566787,634,1465
0,296,2078,4,281,160,1.75625,397,1681,2101,5,160,281,0.569395,605,1496
0,297,2080,4,284,163,1.74233,394,1686,2104,5,163,284,0.573944,568,1536
0,298,2082,4,288,166,1.73494,391,1691,2106,5,166,288,0.576389,536,1570
0,299,2085,4,291,168,1.73214,389,1696,2109,5,168,291,0.57732,509,1600
0,300,2087,4,295,171,1.72515,386,1701,2111,5,171,295,0.579661,485,1626
0,301,2089,4,298,174,1.71264,383,1706,2114,5,174,298,0.583893,464,1650
0,302,2092,4,302,176,1.71591,381,1711,2116,5,176,302,0.582781,457,1659
0,303,2094,4,305,179,1.70391,378,1716,2119,5,179,305,0.586885,438,1681
0,304,2097,4,309,181,1.70718,376,1721,2121,5,181,309,0.585761,421,1700
0,305,2099,4,312,184,1.69565,373,1726,2124,5,184,312,0.589744,407,1717
0,306,2102,4,315,186,1.69355,371,1731,2127,5,186,315,0.590476,395,1732
0,307,2104,4,319,189,1.68783,368,1736,2129,5,189,319,0.592476,382,1747
0,308,2107,4,322,191,1.68586,366,1741,2132,5,191,322,0.593168,384,1748
0,309,2110,4,325,193,1.68394,364,1746,2135,5,193,325,0.593846,374,1761
0,310,2112,4,329,196,1.67857,361,1751,2137,5,196,329,0.595745,364,1773
0,311,2115,4,332,198,1.67677,359,1756,2140,5,198,332,0.596386,356,1784
0,312,2118,4,335,200,1.675,357,1761,2143,5,200,335,0.597015,348,1795
0,313,2121,4,338,202,1.67327,355,1766,2146,5,202,338,0.597633,340,1806
0,314,2123,4,342,205,1.66829,352,1771,2148,5,205,342,0.599415,345,1803
0,315,2126,4,345,207,1.66667,350,1776,2151,5,207,345,0.6,337,1814
0,316,2129,4,348,209,1.66507,348,1781,2154,5,209,348,0.600575,331,1823
0,317,2132,4,351,211,1.66351,346,1786,2157,5,211,351,0.60114,325,1832
0,318,2135,4,354,213,1.66197,344,1791,2160,5,213,354,0.601695,373,1787
0,319,2138,4,357,215,1.66047,342,1796,2163,5,215,357,0.602241,359,1804
0,320,2141,4,360,217,1.65899,340,1801,2166,5,217,360,0.602778,360,1806
0,321,2144,4,364,219,1.6621,338,1806,2168,5,219,364,0.601648,347,1821
0,322,2147,4,367,221,1.66063,336,1811,2171,5,221,367,0.60218,337,1834
0,323,2150,4,370,223,1.65919,334,1816,2174,5,223,370,0.602703,327,1847
0,324,2153,4,373,225,1.65778,332,1821,2177,5,225,373,0.603217,318,1859
0,325,2156,4,376,227,1.65639,330,1826,2180,5,227,376,0.603723,310,1870
0,326,2159,4,379,229,1.65502,328,1831,2183,5,229,379,0.604222,315,1868
0,327,2162,4,382,231,1.65368,326,1836,2186,5,231,382,0.604712,307,1879
0,328,2165,4,385,233,1.65236,324,1841,2189,5,233,385,0.605195,300,1889
0,329,2169,4,388,234,1.65812,323,1846,2192,5,234,388,0.603093,293,1899
0,330,2172,4,390,236,1.65254,321,1851,2196,5,236,390,0.605128,287,1909
0,331,2175,4,393,238,1.65126,319,1856,2199,5,238,393,0.605598,281,1918
0,332,2179,4,396,239,1.6569,318,1861,2202,5,239,396,0.603535,288,1914
0,333,2182,4,399,241,1.6556,316,1866,2205,5,241,399,0.60401,281,1924
0,334,2185,4,402,243,1.65432,314,1871,2208,5,243,402,0.604478,275,1933
0,335,2189,4,405,244,1.65984,313,1876,2211,5,244,405,0.602469,269,1942
0,336,2192,4,408,246,1.65854,311,1881,2214,5,246,408,0.602941,318,1896
0,337,2195,4,411,248,1.65726,309,1886,2217,5,248,411,0.603406,304,1913
0,338,2199,4,413,249,1.65863,308,1891,2221,5,249,413,0.602906,306,1915
0,339,2202,4,416,251,1.65737,306,1896,2224,5,251,416,0.603365,294,1930
0,340,2206,4,419,252,1.6627,307,1899,2227,5,252,419,0.601432,284,1943
0,341,2209,4,422,254,1.66142,310,1899,2230,5,254,422,0.601896,274,1956
0,342,2213,4,425,255,1.66667,314,1899,2233,5,255,425,0.6,265,1968
0,343,2217,4,427,256,1.66797,318,1899,2237,5,256,427,0.599532,258,1979
0,344,2220,4,430,258,1.66667,321,1899,2240,5,258,430,0.6,263,1977
0,345,2224,4,433,259,1.67181,325,1899,2243,5,259,433,0.598152,255,1988
0,346,2228,4,436,260,1.67692,329,1899,2246,5,260,436,0.59633,248,1998
0,347,2231,4,438,262,1.67176,332,1899,2250,5,262,438,0.598173,242,2008
0,348,2235,4,441,263,1.67681,336,1899,2253,5,263,441,0.596372,236,2017
0,349,2239,4,444,264,1.68182,340,1899,2256,5,264,444,0.594595,230,2026
0,350,2243,4,446,265,1.68302,344,1899,2260,5,265,446,0.59417,238,2022
0,351,2246,4,449,267,1.68165,347,1899,2263,5,267,449,0.594655,231,2032
0,352,2250,4,452,268,1.68657,351,1899,2266,5,268,452,0.59292,225,2041
0,353,2254,4,454,269,1.68773,355,1899,2270,5,269,454,0.592511,220,2050
0,354,2258,4,457,270,1.69259,359,1899,2273,5,270,457,0.59081,269,2004
0,355,2262,4,460,271,1.69742,363,1899,2276,5,271,460,0.58913,255,2021
0,356,2266,4,462,272,1.69853,367,1899,2280,5,272,462,0.588745,257,2023
0,357,2270,4,465,273,1.7033,371,1899,2283,5,273,465,0.587097,245,2038
0,358,2274,4,468,274,1.70803,375,1899,2286,5,274,468,0.58547,235,2051
0,359,2278,4,470,275,1.70909,379,1899,2290,5,275,470,0.585106,226,2064
0,360,2282,4,473,276,1.71377,383,1899,2293,5,276,473,0.58351,217,2076
0,361,2286,4,475,277,1.7148,387,1899,2297,5,277,475,0.583158,210,2087
0,362,2290,4,478,278,1.71942,391,1899,2300,5,278,478,0.58159,215,2085
0,363,2294,4,481,279,1.72401,395,1899,2303,5,279,481,0.580042,207,2096
0,364,2298,4,483,280,1.725,399,1899,2307,5,280,483,0.57971,201,2106
0,365,2302,4,486,281,1.72954,403,1899,2310,5,281,486,0.578189,194,2116
0,366,2306,4,488,282,1.7305,407,1899,2314,5,282,488,0.577869,189,2125
0,367,2311,4,491,282,1.74113,412,1899,2317,5,282,491,0.574338,183,2134
0,368,2315,4,493,283,1.74205,416,1899,2321,5,283,493,0.574037,191,2130
0,369,2319,4,496,284,1.74648,420,1899,2324,5,284,496,0.572581,184,2140
0,370,2323,4,498,285,1.74737,424,1899,2328,5,285,498,0.572289,179,2149
0,371,2328,4,501,285,1.75789,429,1899,2331,5,285,501,0.568862,173,2158
0,372,2332,4,503,286,1.75874,433,1899,2335,5,286,503,0.568588,223,2112
0,373,2336,4,506,287,1.76307,437,1899,2338,5,287,506,0.567194,209,2129
0,374,2341,4,509,287,1.77352,442,1899,2341,5,287,509,0.563851,210,2131
0,375,2345,4,511,288,1.77431,446,1899,2345,5,288,511,0.563601,199,2146
0,376,2350,4,514,288,1.78472,451,1899,2348,5,288,514,0.560311,189,2159
0,377,2354,4,516,289,1.78547,455,1899,2352,5,289,516,0.560078,180,2172
0,378,2359,4,519,289,1.79585,460,1899,2355,5,289,519,0.55684,171,2184
0,379,2363,4,521,290,1.79655,464,1899,2359,5,290,521,0.556622,164,2195
0,380,2368,4,524,290,1.8069,469,1899,2362,5,290,524,0.553435,169,2193
0,381,2372,4,526,291,1.80756,473,1899,2366,5,291,526,0.553232,195,2171
0,382,2376,4,529,292,1.81164,477,1899,2369,5,292,529,0.551985,188,2181
0,383,2380,4,531,293,1.81229,481,1899,2373,5,293,531,0.551789,182,2191
0,384,2385,4,534,293,1.82253,486,1899,2376,5,293,534,0.548689,176,2200
0,385,2389,4,536,294,1.82313,490,1899,2380,5,294,536,0.548507,171,2209
0,386,2393,4,538,295,1.82373,494,1899,2384,5,295,538,0.548327,179,2205
0,387,2398,4,541,295,1.8339,499,1899,2387,5,295,541,0.545287,172,2215
0,388,2402,4,543,296,1.83446,503,1899,2391,5,296,543,0.54512,167,2224
0,389,2407,4,546,296,1.84459,508,1899,2394,5,296,546,0.542125,161,2233
0,390,2411,4,548,297,1.84512,512,1899,2398,5,297,548,0.541971,211,2187
0,391,2415,4,551,298,1.84899,516,1899,2401,5,298,551,0.540835,197,2204
0,392,2420,4,553,298,1.8557,521,1899,2405,5,298,553,0.538879,199,2206
0,393,2424,4,555,299,1.85619,525,1899,2409,5,299,555,0.538739,188,2221
0,394,2429,4,558,299,1.86622,530,1899,2412,5,299,558,0.535842,178,2234
0,395,2434,4,560,299,1.87291,535,1899,2416,5,299,560,0.533929,169,2247
0,396,2438,4,563,300,1.87667,539,1899,2419,5,300,563,0.53286,160,2259
0,397,2443,4,565,300,1.88333,544,1899,2423,5,300,565,0.530973,153,2270
0,398,2447,4,568,301,1.88704,548,1899,2426,5,301,568,0.52993,158,2268
0,399,2452,4,570,301,1.89369,553,1899,2430,5,301,570,0.52807,151,2279
0,400,2457,4,572,301,1.90033,558,1899,2434,5,301,572,0.526224,145,2289
0,401,2461,4,575,302,1.90397,562,1899,2437,5,302,575,0.525217,138,2299
0,402,2466,4,577,302,1.9106,567,1899,2441,5,302,577,0.523397,133,2308
0,403,2471,4,580,302,1.92053,572,1899,2444,5,302,580,0.52069,127,2317
0,404,2476,4,582,302,1.92715,577,1899,2448,5,302,582,0.5189,135,2313
0,405,2480,4,584,303,1.92739,581,1899,2452,5,303,584,0.518836,129,2323
0,406,2485,4,587,303,1.93729,586,1899,2455,5,303,587,0.516184,123,2332
0,407,2490,4,589,303,1.94389,591,1899,2459,5,303,589,0.514431,118,2341
0,408,2495,4,592,303,1.9538,596,1899,2462,5,303,592,0.511824,167,2295
0,409,2500,4,594,303,1.9604,601,1899,2466,5,303,594,0.510101,154,2312
0,410,2505,4,596,303,1.967,606,1899,2470,5,303,596,0.508389,156,2314
0,411,2510,4,599,303,1.9769,611,1899,2473,5,303,599,0.505843,144,2329
0,412,2515,4,601,303,1.9835,616,1899,2477,5,303,601,0.50416,135,2342
0,413,2519,4,604,304,1.98684,620,1899,2480,5,304,604,0.503311,213,2267
0,414,2523,4,606,305,1.98689,624,1899,2484,5,305,606,0.5033,205,2279
0,415,2527,4,608,306,1.98693,628,1899,2488,5,306,608,0.503289,199,2289
0,416,2531,4,611,307,1.99023,632,1899,2491,5,307,611,0.502455,205,2286
0,417,2535,4,613,308,1.99026,923,1612,2495,5,308,613,0.502447,199,2296
0,418,2540,4,615,308,1.99675,928,1612,2499,5,308,615,0.500813,194,2305
0,419,2544,4,618,309,2,932,1612,2502,5,309,618,0.5,188,2314
0,420,2548,4,620,310,2,936,1612,2506,5,310,620,0.5,184,2322
0,421,2552,4,622,311,2,940,1612,2510,5,311,622,0.5,180,2330
0,422,2556,4,624,312,2,944,1612,2514,5,312,624,0.5,189,2325
0,423,2561,4,627,312,2.00962,1388,1173,2517,5,312,627,0.497608,183,2334
0,424,2565,4,629,313,2.00958,1392,1173,2521,5,313,629,0.497615,535,1986
0,425,2569,4,631,314,2.00955,2130,439,2525,5,314,631,0.497623,477,2048
0,426,2573,4,633,315,2.00952,2134,439,2529,5,315,633,0.49763,482,2047
0,427,2578,4,640,315,2.03175,2578,0,2528,5,315,640,0.492188,426,2102
0,428,2583,4,647,315,2.05397,2494,89,2527,5,315,647,0.486862,391,2136
0,429,2588,4,653,315,2.07302,2416,172,2527,5,315,653,0.482389,349,2178
0,430,2593,4,660,315,2.09524,2345,248,2526,5,315,660,0.477273,844,1682
0,431,2598,4,667,315,2.11746,2283,315,2525,5,315,667,0.472264,731,1794
0,432,2603,4,673,315,2.13651,2231,372,2525,5,315,673,0.468053,636,1889
0,433,2608,4,680,315,2.15873,2188,420,2524,5,315,680,0.463235,553,1971
0,434,2613,4,687,315,2.18095,2155,458,2523,5,315,687,0.458515,494,2029
0,435,2618,4,693,315,2.2,2133,485,2523,5,315,693,0.454545,432,2091
0,436,2623,4,700,315,2.22222,2121,502,2522,5,315,700,0.45,965,1557
0,437,2628,4,707,315,2.24444,2119,509,2521,5,315,707,0.445545,829,1692
0,438,2633,4,713,315,2.26349,2124,509,2521,5,315,713,0.441795,714,1807
0,439,2638,4,720,315,2.28571,2129,509,2520,5,315,720,0.4375,613,1907
0,440,2643,4,727,315,2.30794,2134,509,2519,5,315,727,0.433287,539,1980
0,441,2648,4,733,315,2.32698,2139,509,2519,5,315,733,0.429741,464,2055
0,442,2653,4,740,315,2.34921,2144,509,2518,5,315,740,0.425676,399,2119
0,443,2659,5,744,315,2.3619,2150,509,2520,5,315,744,0.423387,345,2175
0,444,2665,5,744,315,2.3619,2079,586,2526,5,315,744,0.423387,356,2170
0,445,2671,5,744,315,2.3619,2085,586,2532,5,315,744,0.423387,311,2221
0,446,2677,5,744,315,2.3619,2091,586,2538,5,315,744,0.423387,286,2252
0,447,2683,5,744,315,2.3619,2097,586,2544,5,315,744,0.423387,252,2292
0,448,2689,5,744,315,2.3619,2103,586,2550,5,315,744,0.423387,224,2326
0,449,2695,5,744,315,2.3619,2109,586,2556,5,315,744,0.423387,198,2358
0,450,2701,5,744,315,2.3619,2115,586,2562,5,315,744,0.423387,176,2386
0,451,2707,5,744,315,2.3619,2121,586,2568,5,315,744,0.423387,158,2410
0,452,2713,5,744,315,2.3619,2127,586,2574,5,315,744,0.423387,155,2419
0,453,2719,5,744,315,2.3619,2133,586,2580,5,315,744,0.423387,141,2439
0,454,2725,5,744,315,2.3619,2139,586,2586,5,315,744,0.423387,129,2457
0,455,2731,5,744,315,2.3619,2145,586,2592,5,315,744,0.423387,118,2474
0,456,2737,5,744,315,2.3619,2151,586,2598,5,315,744,0.423387,110,2488
0,457,2743,5,744,315,2.3619,2157,586,2604,5,315,744,0.423387,102,2502
0,458,2749,5,744,315,2.3619,2163,586,2610,5,315,744,0.423387,108,2502
0,459,2755,5,744,315,2.3619,2169,586,2616,5,315,744,0.423387,100,2516
0,460,2761,5,744,315,2.3619,2175,586,2622,5,315,744,0.423387,94,2528
0,461,2767,5,744,315,2.3619,2181,586,2628,5,315,744,0.423387,88,2540
0,462,2773,5,744,315,2.3619,2187,586,2634,5,315,744,0.423387,138,2496
0,463,2779,5,744,315,2.3619,2193,586,2640,5,315,744,0.423387,126,2514
0,464,2785,5,744,315,2.3619,2199,586,2646,5,315,744,0.423387,129,2517
0,465,2791,5,744,315,2.3619,2205,586,2652,5,315,744,0.423387,191,2461
0,466,2797,5,744,315,2.3619,2211,586,2658,5,315,744,0.423387,172,2486
0,467,2803,5,744,315,2.3619,2217,586,2664,5,315,744,0.423387,155,2509
0,468,2809,5,744,315,2.3619,2223,586,2670,5,315,744,0.423387,141,2529
0,469,2815,5,744,315,2.3619,2229,586,2676,5,315,744,0.423387,129,2547
0,470,2821,5,744,315,2.3619,2235,586,2682,5,315,744,0.423387,131,2551
0,471,2827,5,744,315,2.3619,2241,586,2688,5,315,744,0.423387,121,2567
0,472,2833,5,744,315,2.3619,2247,586,2694,5,315,744,0.423387,112,2582
0,473,2839,5,744,315,2.3619,2253,586,2700,5,315,744,0.423387,104,2596
0,474,2845,5,744,315,2.3619,2259,586,2706,5,315,744,0.423387,98,2608
0,475,2851,5,744,315,2.3619,2265,586,2712,5,315,744,0.423387,92,2620
0,476,2857,5,744,315,2.3619,2271,586,2718,5,315,744,0.423387,100,2618
0,477,2863,5,744,315,2.3619,2277,586,2724,5,315,744,0.423387,94,2630
0,478,2869,5,744,315,2.3619,2283,586,2730,5,315,744,0.423387,89,2641
0,479,2875,5,744,315,2.3619,2289,586,2736,5,315,744,0.423387,85,2651
0,480,2881,5,744,315,2.3619,2295,586,2742,5,315,744,0.423387,136,2606
0,481,2887,5,744,315,2.3619,2301,586,2748,5,315,744,0.423387,124,2624
0,482,2893,5,744,315,2.3619,2307,586,2754,5,315,744,0.423387,127,2627
0,483,2899,5,744,315,2.3619,2313,586,2760,5,315,744,0.423387,189,2571
0,484,2905,5,744,315,2.3619,2319,586,2766,5,315,744,0.423387,171,2595
0,485,2911,5,744,315,2.3619,2325,586,2772,5,315,744,0.423387,154,2618
0,486,2917,5,744,315,2.3619,2331,586,2778,5,315,744,0.423387,140,2638
0,487,2923,5,744,315,2.3619,2337,586,2784,5,315,744,0.423387,128,2656
0,488,2929,5,744,315,2.3619,2343,586,2790,5,315,744,0.423387,130,2660
0,489,2935,5,744,315,2.3619,2349,586,2796,5,315,744,0.423387,120,2676
0,490,2941,5,744,315,2.3619,2355,586,2802,5,315,744,0.423387,112,2690
0,491,2947,5,744,315,2.3619,2361,586,2808,5,315,744,0.423387,104,2704
0,492,2953,5,744,315,2.3619,2367,586,2814,5,315,744,0.423387,98,2716
0,493,2959,5,744,315,2.3619,2373,586,2820,5,315,744,0.423387,92,2728
0,494,2965,5,744,315,2.3619,2379,586,2826,5,315,744,0.423387,100,2726
0,495,2971,5,744,315,2.3619,2385,586,2832,5,315,744,0.423387,94,2738
0,496,2977,5,744,315,2.3619,2391,586,2838,5,315,744,0.423387,89,2749
0,497,2983,5,744,315,2.3619,2397,586,2844,5,315,744,0.423387,85,2759
0,498,2989,5,744,315,2.3619,2403,586,2850,5,315,744,0.423387,136,2714
0,499,2995,5,744,315,2.3619,2409,586,2856,5,315,744,0.423387,124,2732
0,500,3001,5,744,315,2.3619,2415,586,2862,5,315,744,0.423387,127,2735
0,501,3007,5,744,315,2.3619,2421,586,2868,5,315,744,0.423387,189,2679
0,502,3013,5,744,315,2.3619,2427,586,2874,5,315,744,0.423387,171,2703
0,503,3019,5,744,315,2.3619,2433,586,2880,5,315,744,0.423387,154,2726
0,504,3025,5,744,315,2.3619,2439,586,2886,5,315,744,0.423387,140,2746
0,505,3031,5,744,315,2.3619,2445,586,2892,5,315,744,0.423387,128,2764
0,506,3037,5,744,315,2.3619,2451,586,2898,5,315,744,0.423387,130,2768
0,507,3043,5,744,315,2.3619,2457,586,2904,5,315,744,0.423387,120,2784
0,508,3049,5,744,315,2.3619,2449,600,2910,5,315,744,0.423387,112,2798
0,509,3055,5,744,315,2.3619,2455,600,2916,5,315,744,0.423387,104,2812
0,510,3061,5,744,315,2.3619,2461,600,2922,5,315,744,0.423387,98,2824
0,511,3067,5,744,315,2.3619,2467,600,2928,5,315,744,0.423387,92,2836
0,512,3073,5,744,315,2.3619,2473,600,2934,5,315,744,0.423387,100,2834
0,513,3079,5,744,315,2.3619,2479,600,2940,5,315,744,0.423387,94,2846
0,514,3085,5,744,315,2.3619,2485,600,2946,5,315,744,0.423387,89,2857
0,515,3091,5,744,315,2.3619,2491,600,2952,5,315,744,0.423387,85,2867
0,516,3097,5,744,315,2.3619,2497,600,2958,5,315,744,0.423387,136,2822
0,517,3103,5,744,315,2.3619,2503,600,2964,5,315,744,0.423387,124,2840
0,518,3109,5,744,315,2.3619,2509,600,2970,5,315,744,0.423387,127,2843
0,519,3115,5,744,315,2.3619,2515,600,2976,5,315,744,0.423387,189,2787
0,520,3121,5,744,315,2.3619,2521,600,2982,5,315,744,0.423387,171,2811
0,521,3127,5,744,315,2.3619,2527,600,2988,5,315,744,0.423387,154,2834
0,522,3133,5,744,315,2.3619,2533,600,2994,5,315,744,0.423387,140,2854
0,523,3139,5,744,315,2.3619,2539,600,3000,5,315,744,0.423387,128,2872
0,524,3145,5,744,315,2.3619,2545,600,3006,5,315,744,0.423387,130,2876
0,525,3151,5,744,315,2.3619,2551,600,3012,5,315,744,0.423387,120,2892
0,526,3157,5,744,315,2.3619,2557,600,3018,5,315,744,0.423387,112,2906
0,527,3163,5,744,315,2.3619,2563,600,3024,5,315,744,0.423387,104,2920
0,528,3169,5,744,315,2.3619,2569,600,3030,5,315,744,0.423387,98,2932
0,529,3175,5,744,315,2.3619,2575,600,3036,5,315,744,0.423387,92,2944
0,530,3181,5,744,315,2.3619,2581,600,3042,5,315,744,0.423387,100,2942
0,531,3187,5,744,315,2.3619,2587,600,3048,5,315,744,0.423387,94,2954
0,532,3193,5,744,315,2.3619,2593,600,3054,5,315,744,0.423387,89,2965
0,533,3199,5,744,315,2.3619,2599,600,3060,5,315,744,0.423387,85,2975
0,534,3205,5,744,315,2.3619,2605,600,3066,5,315,744,0.423387,136,2930
0,535,3211,5,744,315,2.3619,2597,614,3072,5,315,744,0.423387,124,2948
0,536,3217,5,744,315,2.3619,2603,614,3078,5,315,744,0.423387,127,2951
0,537,3223,5,744,315,2.3619,2609,614,3084,5,315,744,0.423387,189,2895
0,538,3229,5,744,315,2.3619,2615,614,3090,5,315,744,0.423387,171,2919
0,539,3235,5,744,315,2.3619,2621,614,3096,5,315,744,0.423387,154,2942
0,540,3241,5,744,315,2.3619,2627,614,3102,5,315,744,0.423387,140,2962
0,541,3247,5,744,315,2.3619,2633,614,3108,5,315,744,0.423387,128,2980
0,542,3253,5,744,315,2.3619,2639,614,3114,5,315,744,0.423387,130,2984
0,543,3259,5,744,315,2.3619,2645,614,3120,5,315,744,0.423387,120,3000
0,544,3265,5,744,315,2.3619,2651,614,3126,5,315,744,0.423387,112,3014
0,545,3271,5,744,315,2.3619,2657,614,3132,5,315,744,0.423387,104,3028
0,546,3277,5,744,315,2.3619,2663,614,3138,5,315,744,0.423387,98,3040
0,547,3283,5,744,315,2.3619,2669,614,3144,5,315,744,0.423387,92,3052
0,548,3289,5,744,315,2.3619,2675,614,3150,5,315,744,0.423387,100,3050
0,549,3295,5,744,315,2.3619,2681,614,3156,5,315,744,0.423387,94,3062
0,550,3301,5,744,315,2.3619,2687,614,3162,5,315,744,0.423387,89,3073
0,551,3307,5,744,315,2.3619,2693,614,3168,5,315,744,0.423387,85,3083
0,552,3313,5,744,315,2.3619,2685,628,3174,5,315,744,0.423387,136,3038
0,553,3319,5,744,315,2.3619,2691,628,3180,5,315,744,0.423387,121,3059
0,554,3325,5,744,315,2.3619,2697,628,3186,5,315,744,0.423387,124,3062
0,555,3331,5,744,315,2.3619,2703,628,3192,5,315,744,0.423387,186,3006
0,556,3337,5,744,315,2.3619,2709,628,3198,5,315,744,0.423387,168,3030
0,557,3343,5,744,315,2.3619,2715,628,3204,5,315,744,0.423387,151,3053
0,558,3349,5,744,315,2.3619,2721,628,3210,5,315,744,0.423387,137,3073
0,559,3355,5,744,315,2.3619,2727,628,3216,5,315,744,0.423387,125,3091
0,560,3361,5,744,315,2.3619,2733,628,3222,5,315,744,0.423387,127,3095
0,561,3367,5,744,315,2.3619,2739,628,3228,5,315,744,0.423387,117,3111
0,562,3373,5,744,315,2.3619,2734,639,3234,5,315,744,0.423387,109,3125
0,563,3379,5,744,315,2.3619,2740,639,3240,5,315,744,0.423387,101,3139
0,564,3385,5,744,315,2.3619,2746,639,3246,5,315,744,0.423387,95,3151
0,565,3391,5,744,315,2.3619,2752,639,3252,5,315,744,0.423387,89,3163
0,566,3397,5,744,315,2.3619,2758,639,3258,5,315,744,0.423387,97,3161
0,567,3403,5,744,315,2.3619,2764,639,3264,5,315,744,0.423387,91,3173
0,568,3409,5,744,315,2.3619,2759,650,3270,5,315,744,0.423387,86,3184
0,569,3415,5,744,315,2.3619,2765,650,3276,5,315,744,0.423387,402,2874
0,570,3421,5,744,315,2.3619,2451,970,3282,5,315,744,0.423387,405,2877
0,571,3427,5,744,315,2.3619,2457,970,3288,5,315,744,0.423387,352,2936
0,572,3433,5,744,315,2.3619,2221,1212,3294,5,315,744,0.423387,320,2974
0,573,3439,5,744,315,2.3619,2688,751,3300,5,315,744,0.423387,353,2947
0,574,3445,5,744,315,2.3619,3203,242,3306,5,315,744,0.423387,310,2996
0,575,3451,5,744,315,2.3619,3209,242,3312,5,315,744,0.423387,272,3040
0,576,3457,5,744,315,2.3619,3083,374,3318,5,315,744,0.423387,240,3078
0,577,3463,5,744,315,2.3619,3089,374,3324,5,315,744,0.423387,191,3133
0,578,3463,4,751,320,2.34687,3012,451,3323,5,320,751,0.426099,846,2477
0,579,3462,4,759,326,2.32822,2360,1102,3321,5,326,759,0.429513,836,2485
0,580,3462,4,772,331,2.33233,2166,1296,3314,5,331,772,0.428756,813,2501
0,581,3462,4,784,336,2.33333,1535,1927,3308,5,336,784,0.428571,786,2522
0,582,3462,4,797,341,2.33724,1299,2163,3301,5,341,797,0.427854,761,2540
0,583,3462,4,809,346,2.33815,1294,2168,3295,5,346,809,0.427689,739,2556
0,584,3463,4,821,350,2.34571,1290,2173,3289,5,350,821,0.426309,767,2522
0,585,3463,4,833,355,2.34648,1285,2178,3283,5,355,833,0.42617,755,2528
0,586,3464,4,846,359,2.35655,1281,2183,3276,5,359,846,0.42435,729,2547
0,587,3464,4,858,364,2.35714,1276,2188,3270,5,364,858,0.424242,706,2564
0,588,3465,4,870,368,2.36413,1272,2193,3264,5,368,870,0.422989,746,2518
0,589,3466,4,882,372,2.37097,1268,2198,3258,5,372,882,0.421769,711,2547
0,590,3467,4,894,376,2.37766,1264,2203,3252,5,376,894,0.420582,728,2524
0,591,3468,4,906,380,2.38421,1260,2208,3246,5,380,906,0.419426,786,2460
0,592,3469,4,918,384,2.39062,1256,2213,3240,5,384,918,0.418301,740,2500
0,593,3471,4,930,387,2.4031,1253,2218,3234,5,387,930,0.416129,699,2535
0,594,3472,4,942,391,2.40921,1249,2223,3228,5,391,942,0.415074,662,2566
0,595,3474,4,954,394,2.42132,1246,2228,3222,5,394,954,0.412998,628,2594
0,596,3476,4,966,397,2.43325,1243,2233,3216,5,397,966,0.410973,610,2606
0,597,3478,4,978,400,2.445,1240,2238,3210,5,400,978,0.408998,581,2629
0,598,3480,4,990,403,2.45658,1237,2243,3204,5,403,990,0.407071,555,2649
0,599,3482,4,1001,406,2.46552,1234,2248,3199,5,406,1001,0.405594,531,2668
0,600,3484,4,1013,409,2.47677,1231,2253,3193,5,409,1013,0.403751,512,2681
0,601,3486,4,1025,412,2.48786,1228,2258,3187,5,412,1025,0.401951,494,2693
0,602,3489,4,1037,414,2.50483,1226,2263,3181,5,414,1037,0.399229,490,2691
0,603,3491,4,1049,417,2.51559,1223,2268,3175,5,417,1049,0.397521,561,2614
0,604,3494,4,1061,419,2.53222,1221,2273,3169,5,419,1061,0.39491,527,2642
0,605,3497,4,1072,421,2.54632,1219,2278,3164,5,421,1072,0.392724,497,2667
0,606,3499,4,1084,424,2.5566,1216,2283,3158,5,424,1084,0.391144,523,2635
0,607,3502,4,1096,426,2.57277,1214,2288,3152,5,426,1096,0.388686,489,2663
0,608,3506,4,1108,427,2.59485,1213,2293,3146,5,427,1108,0.385379,470,2676
0,609,3509,4,1119,429,2.60839,1211,2298,3141,5,429,1119,0.383378,514,2627
0,610,3512,4,1131,431,2.62413,1209,2303,3135,5,431,1131,0.381079,476,2659
0,611,3516,4,1143,432,2.64583,1208,2308,3129,5,432,1143,0.377953,442,2687
0,612,3519,4,1155,434,2.66129,1206,2313,3123,5,434,1155,0.375758,411,2712
0,613,3523,4,1166,435,2.68046,1205,2318,3118,5,435,1166,0.37307,384,2734
0,614,3527,4,1178,436,2.70183,1204,2323,3112,5,436,1178,0.370119,371,2741
0,615,3531,4,1190,437,2.72311,1203,2328,3106,5,437,1190,0.367227,347,2759
0,616,3535,4,1201,438,2.74201,1202,2333,3101,5,438,1201,0.364696,326,2775
0,617,3539,4,1213,439,2.7631,1201,2338,3095,5,439,1213,0.361913,305,2790
0,618,3543,4,1225,440,2.78409,1200,2343,3089,5,440,1225,0.359184,284,2805
0,619,3548,4,1237,440,2.81136,1200,2348,3083,5,440,1237,0.355699,265,2818
0,620,3552,4,1248,441,2.82993,1199,2353,3078,5,441,1248,0.353365,261,2817
0,621,3557,4,1260,441,2.85714,1199,2358,3072,5,441,1260,0.35,332,2740
0,622,3562,4,1272,441,2.88435,1199,2363,3066,5,441,1272,0.346698,302,2764
0,623,3566,4,1284,442,2.90498,1198,2368,3060,5,442,1284,0.344237,274,2786
0,624,3571,4,1295,442,2.92986,1198,2373,3055,5,442,1295,0.341313,303,2752
0,625,3576,4,1307,442,2.95701,1198,2378,3049,5,442,1307,0.338179,271,2778
0,626,3581,4,1319,442,2.98416,1198,2383,3043,5,442,1319,0.335102,254,2789
0,627,3586,4,1331,442,3.01131,1198,2388,3037,5,442,1331,0.332081,298,2739
0,628,3591,4,1343,442,3.03846,1203,2388,3031,5,442,1343,0.329114,262,2769
0,629,3596,4,1354,442,3.06335,1208,2388,3026,5,442,1354,0.32644,230,2796
0,630,3601,4,1366,442,3.0905,1213,2388,3020,5,442,1366,0.323572,200,2820
0,631,3606,4,1378,442,3.11765,1218,2388,3014,5,442,1378,0.320755,173,2841
0,632,3611,4,1390,442,3.1448,1223,2388,3008,5,442,1390,0.317986,160,2848
0,633,3616,4,1402,442,3.17195,1228,2388,3002,5,442,1402,0.315264,136,2866
0,634,3622,5,1404,442,3.17647,1234,2388,3006,5,442,1404,0.314815,124,2882
0,635,3628,5,1404,442,3.17647,1226,2402,3012,5,442,1404,0.314815,115,2897
0,636,3634,5,1404,442,3.17647,1232,2402,3018,5,442,1404,0.314815,106,2912
0,637,3640,5,1404,442,3.17647,1238,2402,3024,5,442,1404,0.314815,99,2925
0,638,3646,5,1404,442,3.17647,1244,2402,3030,5,442,1404,0.314815,106,2924
0,639,3652,5,1404,442,3.17647,1250,2402,3036,5,442,1404,0.314815,189,2847
0,640,3658,5,1404,442,3.17647,1242,2416,3042,5,442,1404,0.314815,171,2871
0,641,3664,5,1404,442,3.17647,1248,2416,3048,5,442,1404,0.314815,155,2893
0,642,3670,5,1404,442,3.17647,1254,2416,3054,5,442,1404,0.314815,195,2859
0,643,3676,5,1404,442,3.17647,1246,2430,3060,5,442,1404,0.314815,174,2886
0,644,3682,5,1404,442,3.17647,1252,2430,3066,5,442,1404,0.314815,169,2897
0,645,3687,4,1415,442,3.20136,1285,2402,3061,5,442,1415,0.312367,234,2827
0,646,3693,5,1424,442,3.22172,1305,2388,3058,5,442,1424,0.310393,201,2857
0,647,3699,5,1424,442,3.22172,1297,2402,3064,5,442,1424,0.310393,180,2884
0,648,3705,5,1424,442,3.22172,1303,2402,3070,5,442,1424,0.310393,162,2908
0,649,3711,5,1424,442,3.22172,1309,2402,3076,5,442,1424,0.310393,147,2929
0,650,3717,5,1424,442,3.22172,1315,2402,3082,5,442,1424,0.310393,146,2936
0,651,3723,5,1424,442,3.22172,1321,2402,3088,5,442,1424,0.310393,134,2954
0,652,3729,5,1424,442,3.22172,1327,2402,3094,5,442,1424,0.310393,124,2970
0,653,3735,5,1424,442,3.22172,1333,2402,3100,5,442,1424,0.310393,115,2985
0,654,3741,5,1424,442,3.22172,1339,2402,3106,5,442,1424,0.310393,106,3000
0,655,3747,5,1424,442,3.22172,1345,2402,3112,5,442,1424,0.310393,99,3013
0,656,3753,5,1424,442,3.22172,1351,2402,3118,5,442,1424,0.310393,106,3012
0,657,3759,5,1424,442,3.22172,1357,2402,3124,5,442,1424,0.310393,189,2935
0,658,3765,5,1424,442,3.22172,1363,2402,3130,5,442,1424,0.310393,171,2959
0,659,3771,5,1424,442,3.22172,1369,2402,3136,5,442,1424,0.310393,155,2981
0,660,3777,5,1424,442,3.22172,1375,2402,3142,5,442,1424,0.310393,195,2947
0,661,3783,5,1424,442,3.22172,1381,2402,3148,5,442,1424,0.310393,174,2974
0,662,3789,5,1424,442,3.22172,1387,2402,3154,5,442,1424,0.310393,169,2985
0,663,3795,5,1424,442,3.22172,1393,2402,3160,5,442,1424,0.310393,225,2935
0,664,3801,5,1424,442,3.22172,1399,2402,3166,5,442,1424,0.310393,201,2965
0,665,3807,5,1424,442,3.22172,1405,2402,3172,5,442,1424,0.310393,180,2992
0,666,3813,5,1424,442,3.22172,1411,2402,3178,5,442,1424,0.310393,162,3016
0,667,3819,5,1424,442,3.22172,1417,2402,3184,5,442,1424,0.310393,147,3037
0,668,3825,5,1424,442,3.22172,1423,2402,3190,5,442,1424,0.310393,146,3044
0,669,3831,5,1424,442,3.22172,1429,2402,3196,5,442,1424,0.310393,134,3062
0,670,3837,5,1424,442,3.22172,1435,2402,3202,5,442,1424,0.310393,124,3078
0,671,3843,5,1424,442,3.22172,1441,2402,3208,5,442,1424,0.310393,115,3093
0,672,3849,5,1424,442,3.22172,1447,2402,3214,5,442,1424,0.310393,106,3108
0,673,3855,5,1424,442,3.22172,1439,2416,3220,5,442,1424,0.310393,99,3121
0,674,3861,5,1424,442,3.22172,1445,2416,3226,5,442,1424,0.310393,106,3120
0,675,3867,5,1424,442,3.22172,1451,2416,3232,5,442,1424,0.310393,189,3043
0,676,3873,5,1424,442,3.22172,1457,2416,3238,5,442,1424,0.310393,171,3067
0,677,3879,5,1424,442,3.22172,1463,2416,3244,5,442,1424,0.310393,155,3089
0,678,3885,5,1424,442,3.22172,1469,2416,3250,5,442,1424,0.310393,195,3055
0,679,3891,5,1424,442,3.22172,1475,2416,3256,5,442,1424,0.310393,174,3082
0,680,3897,5,1424,442,3.22172,1481,2416,3262,5,442,1424,0.310393,169,3093
0,681,3903,5,1424,442,3.22172,1487,2416,3268,5,442,1424,0.310393,225,3043
0,682,3909,5,1424,442,3.22172,1493,2416,3274,5,442,1424,0.310393,201,3073
0,683,3915,5,1424,442,3.22172,1499,2416,3280,5,442,1424,0.310393,180,3100
0,684,3921,5,1424,442,3.22172,1505,2416,3286,5,442,1424,0.310393,162,3124
0,685,3927,5,1424,442,3.22172,1511,2416,3292,5,442,1424,0.310393,147,3145
0,686,3933,5,1424,442,3.22172,1517,2416,3298,5,442,1424,0.310393,146,3152
0,687,3939,5,1424,442,3.22172,1523,2416,3304,5,442,1424,0.310393,134,3170
0,688,3945,5,1424,442,3.22172,1529,2416,3310,5,442,1424,0.310393,124,3186
0,689,3951,5,1424,442,3.22172,1521,2430,3316,5,442,1424,0.310393,115,3201
0,690,3957,5,1424,442,3.22172,1527,2430,3322,5,442,1424,0.310393,106,3216
0,691,3963,5,1424,442,3.22172,1533,2430,3328,5,442,1424,0.310393,99,3229
0,692,3969,5,1424,442,3.22172,1539,2430,3334,5,442,1424,0.310393,106,3228
0,693,3975,5,1424,442,3.22172,1545,2430,3340,5,442,1424,0.310393,190,3150
0,694,3981,5,1424,442,3.22172,1551,2430,3346,5,442,1424,0.310393,203,3143
0,695,3987,5,1424,442,3.22172,1557,2430,3352,5,442,1424,0.310393,182,3170
0,696,3993,5,1424,442,3.22172,1563,2430,3358,5,442,1424,0.310393,218,3140
0,697,3999,5,1424,442,3.22172,1569,2430,3364,5,442,1424,0.310393,194,3170
0,698,4005,5,1424,442,3.22172,1575,2430,3370,5,442,1424,0.310393,186,3184
0,699,4011,5,1424,442,3.22172,1567,2444,3376,5,442,1424,0.310393,239,3137
0,700,4017,5,1424,442,3.22172,1573,2444,3382,5,442,1424,0.310393,212,3170
0,701,4023,5,1424,442,3.22172,1621,2402,3388,5,442,1424,0.310393,190,3198
0,702,4029,5,1424,442,3.22172,1627,2402,3394,5,442,1424,0.310393,171,3223
0,703,4035,5,1424,442,3.22172,1633,2402,3400,5,442,1424,0.310393,154,3246
0,704,4041,5,1424,442,3.22172,1639,2402,3406,5,442,1424,0.310393,152,3254
0,705,4047,5,1424,442,3.22172,1645,2402,3412,5,442,1424,0.310393,139,3273
0,706,4053,5,1424,442,3.22172,1637,2416,3418,5,442,1424,0.310393,128,3290
0,707,4059,5,1424,442,3.22172,1643,2416,3424,5,442,1424,0.310393,119,3305
0,708,4065,5,1424,442,3.22172,1649,2416,3430,5,442,1424,0.310393,110,3320
0,709,4071,5,1424,442,3.22172,1655,2416,3436,5,442,1424,0.310393,102,3334
0,710,4077,5,1424,442,3.22172,1647,2430,3442,5,442,1424,0.310393,108,3334
0,711,4083,5,1424,442,3.22172,1653,2430,3448,5,442,1424,0.310393,101,3347
0,712,4089,5,1424,442,3.22172,1645,2444,3454,5,442,1424,0.310393,96,3358
0,713,4095,5,1424,442,3.22172,1693,2402,3460,5,442,1424,0.310393,91,3369
0,714,4101,5,1424,442,3.22172,1685,2416,3466,5,442,1424,0.310393,140,3326
0,715,4103,4,1436,445,3.22697,1701,2402,3460,5,445,1436,0.309889,566,2894
0,716,4105,4,1448,448,3.23214,1484,2621,3454,5,448,1448,0.309392,558,2896
0,717,4107,4,1460,451,3.23725,1269,2838,3448,5,451,1460,0.308904,538,2910
0,718,4109,4,1472,454,3.24229,1266,2843,3442,5,454,1472,0.308424,520,2922
0,719,4111,4,1484,457,3.24726,1263,2848,3436,5,457,1484,0.307951,588,2848
0,720,4114,4,1497,459,3.26144,1261,2853,3429,5,459,1497,0.306613,556,2873
0,721,4116,4,1509,462,3.26623,1258,2858,3423,5,462,1509,0.306163,1201,2222
0,722,4119,4,1523,464,3.28233,1473,2646,3415,5,464,1523,0.304662,1084,2331
0,723,4122,4,1537,466,3.29828,1471,2651,3407,5,466,1537,0.303188,971,2436
0,724,4125,4,1551,468,3.3141,1469,2656,3399,5,468,1551,0.301741,874,2525
0,725,4128,4,1566,470,3.33191,1467,2661,3390,5,470,1566,0.300128,896,2494
0,726,4131,4,1580,472,3.34746,1465,2666,3382,5,472,1580,0.298734,805,2577
0,727,4135,4,1594,473,3.36998,3059,1076,3374,5,473,1594,0.296738,725,2649
0,728,4138,4,1609,475,3.38737,3353,785,3365,5,475,1609,0.295214,667,2698
0,729,4142,4,1623,476,3.40966,3089,1053,3357,5,476,1623,0.293284,603,2754
0,730,4146,4,1637,477,3.43187,2845,1301,3349,5,477,1637,0.291387,547,2802
0,731,4149,4,1651,479,3.44676,2624,1525,3341,5,479,1651,0.290127,497,2844
0,732,4154,4,1666,479,3.47808,2431,1723,3332,5,479,1666,0.287515,506,2826
0,733,4158,4,1680,480,3.5,2260,1898,3324,5,480,1680,0.285714,457,2867
0,734,4162,4,1694,481,3.52183,2111,2051,3316,5,481,1694,0.283943,427,2889
0,735,4167,4,1708,481,3.55094,1984,2183,3308,5,481,1708,0.281616,387,2921
0,736,4171,4,1723,482,3.57469,1878,2293,3299,5,482,1723,0.279745,350,2949
0,737,4176,4,1737,482,3.60373,1796,2380,3291,5,482,1737,0.27749,316,2975
0,738,4181,4,1751,482,3.63278,1736,2445,3283,5,482,1751,0.275271,285,2998
0,739,4186,4,1766,482,3.6639,1697,2489,3274,5,482,1766,0.272933,368,2906
0,740,4191,4,1780,482,3.69295,1681,2510,3266,5,482,1780,0.270787,338,2928
0,741,4196,4,1794,482,3.72199,1686,2510,3258,5,482,1794,0.268673,298,2960
0,742,4201,4,1809,482,3.75311,1691,2510,3249,5,482,1809,0.266446,262,2987
0,743,4206,4,1823,482,3.78216,1696,2510,3241,5,482,1823,0.264399,229,3012
0,744,4211,4,1837,482,3.8112,1701,2510,3233,5,482,1837,0.262384,199,3034
0,745,4216,4,1852,482,3.84232,1706,2510,3224,5,482,1852,0.260259,340,2884
0,746,4221,4,1866,482,3.87137,1711,2510,3216,5,482,1866,0.258307,302,2914
0,747,4226,4,1881,482,3.90249,1716,2510,3207,5,482,1881,0.256247,253,2954
0,748,4232,5,1887,482,3.91494,1722,2510,3207,5,482,1887,0.255432,219,2988
0,749,4238,5,1887,482,3.91494,1691,2547,3213,5,482,1887,0.255432,195,3018
0,750,4244,5,1887,482,3.91494,1697,2547,3219,5,482,1887,0.255432,229,2990
0,751,4250,5,1887,482,3.91494,1703,2547,3225,5,482,1887,0.255432,202,3023
0,752,4256,5,1887,482,3.91494,1709,2547,3231,5,482,1887,0.255432,193,3038
0,753,4262,5,1887,482,3.91494,1715,2547,3237,5,482,1887,0.255432,173,3064
0,754,4268,5,1887,482,3.91494,1721,2547,3243,5,482,1887,0.255432,156,3087
0,755,4274,5,1887,482,3.91494,1727,2547,3249,5,482,1887,0.255432,141,3108
0,756,4280,5,1887,482,3.91494,1733,2547,3255,5,482,1887,0.255432,128,3127
0,757,4286,5,1887,482,3.91494,1739,2547,3261,5,482,1887,0.255432,225,3036
0,758,4292,5,1887,482,3.91494,1657,2635,3267,5,482,1887,0.255432,212,3055
0,759,4298,5,1887,482,3.91494,1663,2635,3273,5,482,1887,0.255432,189,3084
0,760,4304,5,1887,482,3.91494,1669,2635,3279,5,482,1887,0.255432,170,3109
0,761,4310,5,1887,482,3.91494,1675,2635,3285,5,482,1887,0.255432,153,3132
0,762,4316,5,1887,482,3.91494,1681,2635,3291,5,482,1887,0.255432,139,3152
0,763,4322,5,1887,482,3.91494,1687,2635,3297,5,482,1887,0.255432,126,3171
0,764,4328,5,1887,482,3.91494,1693,2635,3303,5,482,1887,0.255432,244,3059
0,765,4334,5,1887,482,3.91494,1699,2635,3309,5,482,1887,0.255432,216,3093
0,766,4340,5,1887,482,3.91494,1705,2635,3315,5,482,1887,0.255432,192,3123
0,767,4346,5,1887,482,3.91494,1711,2635,3321,5,482,1887,0.255432,172,3149
0,768,4352,5,1887,482,3.91494,1717,2635,3327,5,482,1887,0.255432,210,3117
0,769,4358,5,1887,482,3.91494,1723,2635,3333,5,482,1887,0.255432,186,3147
0,770,4364,5,1887,482,3.91494,1729,2635,3339,5,482,1887,0.255432,180,3159
0,771,4370,5,1887,482,3.91494,1735,2635,3345,5,482,1887,0.255432,162,3183
0,772,4376,5,1887,482,3.91494,1741,2635,3351,5,482,1887,0.255432,147,3204
0,773,4382,5,1887,482,3.91494,1747,2635,3357,5,482,1887,0.255432,133,3224
0,774,4388,5,1887,482,3.91494,1753,2635,3363,5,482,1887,0.255432,122,3241
0,775,4394,5,1887,482,3.91494,1759,2635,3369,5,482,1887,0.255432,220,3149
0,776,4400,5,1887,482,3.91494,1765,2635,3375,5,482,1887,0.255432,208,3167
0,777,4406,5,1887,482,3.91494,1771,2635,3381,5,482,1887,0.255432,185,3196
0,778,4412,5,1887,482,3.91494,1777,2635,3387,5,482,1887,0.255432,167,3220
0,779,4418,5,1887,482,3.91494,1783,2635,3393,5,482,1887,0.255432,150,3243
0,780,4424,5,1887,482,3.91494,1789,2635,3399,5,482,1887,0.255432,136,3263
0,781,4430,5,1887,482,3.91494,1795,2635,3405,5,482,1887,0.255432,296,3109
0,782,4436,5,1887,482,3.91494,1801,2635,3411,5,482,1887,0.255432,273,3138
0,783,4442,5,1887,482,3.91494,1807,2635,3417,5,482,1887,0.255432,241,3176
0,784,4448,5,1887,482,3.91494,1813,2635,3423,5,482,1887,0.255432,213,3210
0,785,4454,5,1887,482,3.91494,1819,2635,3429,5,482,1887,0.255432,189,3240
0,786,4460,5,1887,482,3.91494,1825,2635,3435,5,482,1887,0.255432,224,3211
0,787,4466,5,1887,482,3.91494,1831,2635,3441,5,482,1887,0.255432,198,3243
0,788,4472,5,1887,482,3.91494,1837,2635,3447,5,482,1887,0.255432,190,3257
0,789,4478,5,1887,482,3.91494,1843,2635,3453,5,482,1887,0.255432,170,3283
0,790,4484,5,1887,482,3.91494,1849,2635,3459,5,482,1887,0.255432,154,3305
0,791,4490,5,1887,482,3.91494,1855,2635,3465,5,482,1887,0.255432,139,3326
0,792,4496,5,1887,482,3.91494,1861,2635,3471,5,482,1887,0.255432,127,3344
0,793,4502,5,1887,482,3.91494,1867,2635,3477,5,482,1887,0.255432,224,3253
0,794,4508,5,1887,482,3.91494,1873,2635,3483,5,482,1887,0.255432,211,3272
0,795,4514,5,1887,482,3.91494,1879,2635,3489,5,482,1887,0.255432,188,3301
0,796,4520,5,1887,482,3.91494,1885,2635,3495,5,482,1887,0.255432,169,3326
0,797,4526,5,1887,482,3.91494,1891,2635,3501,5,482,1887,0.255432,152,3349
0,798,4532,5,1887,482,3.91494,1897,2635,3507,5,482,1887,0.255432,138,3369
0,799,4538,5,1887,482,3.91494,1903,2635,3513,5,482,1887,0.255432,125,3388
0,800,4544,5,1887,482,3.91494,1909,2635,3519,5,482,1887,0.255432,244,3275
0,801,4550,5,1887,482,3.91494,1915,2635,3525,5,482,1887,0.255432,216,3309
0,802,4556,5,1887,482,3.91494,1921,2635,3531,5,482,1887,0.255432,192,3339
0,803,4562,5,1887,482,3.91494,1927,2635,3537,5,482,1887,0.255432,172,3365
0,804,4568,5,1887,482,3.91494,1933,2635,3543,5,482,1887,0.255432,210,3333
0,805,4574,5,1887,482,3.91494,1939,2635,3549,5,482,1887,0.255432,186,3363
0,806,4580,5,1887,482,3.91494,1945,2635,3555,5,482,1887,0.255432,180,3375
0,807,4586,5,1887,482,3.91494,1926,2660,3561,5,482,1887,0.255432,162,3399
0,808,4592,5,1887,482,3.91494,1932,2660,3567,5,482,1887,0.255432,147,3420
0,809,4598,5,1887,482,3.91494,1938,2660,3573,5,482,1887,0.255432,133,3440
0,810,4604,5,1887,482,3.91494,1944,2660,3579,5,482,1887,0.255432,122,3457
0,811,4610,5,1887,482,3.91494,1950,2660,3585,5,482,1887,0.255432,220,3365
0,812,4616,5,1887,482,3.91494,1856,2760,3591,5,482,1887,0.255432,208,3383
0,813,4622,5,1887,482,3.91494,1862,2760,3597,5,482,1887,0.255432,185,3412
0,814,4628,5,1887,482,3.91494,1868,2760,3603,5,482,1887,0.255432,167,3436
0,815,4634,5,1887,482,3.91494,1874,2760,3609,5,482,1887,0.255432,150,3459
0,816,4640,5,1887,482,3.91494,1880,2760,3615,5,482,1887,0.255432,136,3479
0,817,4646,5,1887,482,3.91494,1886,2760,3621,5,482,1887,0.255432,296,3325
0,818,4652,5,1887,482,3.91494,1892,2760,3627,5,482,1887,0.255432,273,3354
0,819,4658,5,1887,482,3.91494,1898,2760,3633,5,482,1887,0.255432,241,3392
0,820,4664,5,1887,482,3.91494,1904,2760,3639,5,482,1887,0.255432,213,3426
0,821,4670,5,1887,482,3.91494,1910,2760,3645,5,482,1887,0.255432,189,3456
0,822,4676,5,1887,482,3.91494,1916,2760,3651,5,482,1887,0.255432,224,3427
0,823,4682,5,1887,482,3.91494,1922,2760,3657,5,482,1887,0.255432,198,3459
0,824,4688,5,1887,482,3.91494,1928,2760,3663,5,482,1887,0.255432,190,3473
0,825,4694,5,1887,482,3.91494,1934,2760,3669,5,482,1887,0.255432,170,3499
0,826,4700,5,1887,482,3.91494,1940,2760,3675,5,482,1887,0.255432,154,3521
0,827,4706,5,1887,482,3.91494,1946,2760,3681,5,482,1887,0.255432,139,3542
0,828,4712,5,1887,482,3.91494,1952,2760,3687,5,482,1887,0.255432,127,3560
0,829,4718,5,1887,482,3.91494,1958,2760,3693,5,482,1887,0.255432,116,3577
0,830,4724,5,1887,482,3.91494,1964,2760,3699,5,482,1887,0.255432,119,3580
0,831,4730,5,1887,482,3.91494,1970,2760,3705,5,482,1887,0.255432,110,3595
0,832,4736,5,1887,482,3.91494,1976,2760,3711,5,482,1887,0.255432,254,3457
0,833,4742,5,1887,482,3.91494,1941,2801,3717,5,482,1887,0.255432,225,3492
0,834,4748,5,1887,482,3.91494,1947,2801,3723,5,482,1887,0.255432,200,3523
0,835,4754,5,1887,482,3.91494,1953,2801,3729,5,482,1887,0.255432,178,3551
0,836,4760,5,1887,482,3.91494,1959,2801,3735,5,482,1887,0.255432,173,3562
0,837,4766,5,1887,482,3.91494,1965,2801,3741,5,482,1887,0.255432,351,3390
0,838,4772,5,1887,482,3.91494,1971,2801,3747,5,482,1887,0.255432,308,3439
0,839,4778,5,1887,482,3.91494,1977,2801,3753,5,482,1887,0.255432,270,3483
0,840,4784,5,1887,482,3.91494,1983,2801,3759,5,482,1887,0.255432,292,3467
0,841,4790,5,1887,482,3.91494,1989,2801,3765,5,482,1887,0.255432,256,3509
0,842,4796,5,1887,482,3.91494,1989,2807,3771,5,482,1887,0.255432,239,3532
0,843,4802,5,1887,482,3.91494,1995,2807,3777,5,482,1887,0.255432,212,3565
0,844,4808,5,1887,482,3.91494,2001,2807,3783,5,482,1887,0.255432,190,3593
0,845,4814,5,1887,482,3.91494,2007,2807,3789,5,482,1887,0.255432,170,3619
0,846,4820,5,1887,482,3.91494,2013,2807,3795,5,482,1887,0.255432,153,3642
0,847,4826,5,1887,482,3.91494,2019,2807,3801,5,482,1887,0.255432,139,3662
0,848,4832,5,1887,482,3.91494,2025,2807,3807,5,482,1887,0.255432,139,3668
0,849,4838,5,1887,482,3.91494,2031,2807,3813,5,482,1887,0.255432,127,3686
0,850,4844,5,1887,482,3.91494,2037,2807,3819,5,482,1887,0.255432,117,3702
0,851,4850,5,1887,482,3.91494,2043,2807,3825,5,482,1887,0.255432,108,3717
0,852,4856,5,1887,482,3.91494,2349,2507,3831,5,482,1887,0.255432,101,3730
0,853,4862,5,1887,482,3.91494,2355,2507,3837,5,482,1887,0.255432,94,3743
0,854,4868,5,1887,482,3.91494,2345,2523,3843,5,482,1887,0.255432,101,3742
0,855,4874,5,1887,482,3.91494,2351,2523,3849,5,482,1887,0.255432,94,3755
0,856,4880,5,1887,482,3.91494,2654,2226,3855,5,482,1887,0.255432,89,3766
0,857,4886,5,1887,482,3.91494,2660,2226,3861,5,482,1887,0.255432,85,3776
0,858,4892,5,1887,482,3.91494,2666,2226,3867,5,482,1887,0.255432,136,3731
0,859,4898,5,1887,482,3.91494,2872,2026,3873,5,482,1887,0.255432,124,3749
0,860,4904,5,1887,482,3.91494,2878,2026,3879,5,482,1887,0.255432,127,3752
0,861,4910,5,1887,482,3.91494,2884,2026,3885,5,482,1887,0.255432,189,3696
0,862,4916,5,1887,482,3.91494,2890,2026,3891,5,482,1887,0.255432,171,3720
0,863,4922,5,1887,482,3.91494,2896,2026,3897,5,482,1887,0.255432,154,3743
0,864,4928,5,1887,482,3.91494,2888,2040,3903,5,482,1887,0.255432,140,3763
0,865,4934,5,1887,482,3.91494,2894,2040,3909,5,482,1887,0.255432,128,3781
0,866,4940,5,1887,482,3.91494,2900,2040,3915,5,482,1887,0.255432,130,3785
0,867,4946,5,1887,482,3.91494,2906,2040,3921,5,482,1887,0.255432,120,3801
0,868,4952,5,1887,482,3.91494,2912,2040,3927,5,482,1887,0.255432,112,3815
0,869,4958,5,1887,482,3.91494,2918,2040,3933,5,482,1887,0.255432,895,3038
0,870,4964,5,1887,482,3.91494,2119,2845,3939,5,482,1887,0.255432,770,3169
0,871,4970,5,1887,482,3.91494,2125,2845,3945,5,482,1887,0.255432,663,3282
0,872,4976,5,1887,482,3.91494,2131,2845,3951,5,482,1887,0.255432,585,3366
0,873,4982,5,1887,482,3.91494,2137,2845,3957,5,482,1887,0.255432,506,3451
0,874,4988,5,1887,482,3.91494,2173,2815,3963,5,482,1887,0.255432,439,3524
0,875,4994,5,1887,482,3.91494,2179,2815,3969,5,482,1887,0.255432,382,3587
0,876,5000,5,1887,482,3.91494,3219,1781,3975,5,482,1887,0.255432,388,3587
0,877,5006,5,1887,482,3.91494,3225,1781,3981,5,482,1887,0.255432,338,3643
0,878,5012,5,1887,482,3.91494,3231,1781,3987,5,482,1887,0.255432,308,3679
0,879,5018,5,1887,482,3.91494,3824,1194,3993,5,482,1887,0.255432,342,3651
0,880,5024,5,1887,482,3.91494,4219,805,3999,5,482,1887,0.255432,301,3698
0,881,5030,5,1887,482,3.91494,4225,805,4005,5,482,1887,0.255432,264,3741
0,882,5036,5,1887,482,3.91494,4231,805,4011,5,482,1887,0.255432,233,3778
0,883,5042,5,1887,482,3.91494,4237,805,4017,5,482,1887,0.255432,207,3810
0,884,5048,5,1887,482,3.91494,4243,805,4023,5,482,1887,0.255432,197,3826
0,885,5054,5,1887,482,3.91494,4249,805,4029,5,482,1887,0.255432,176,3853
0,886,5060,5,1887,482,3.91494,4255,805,4035,5,482,1887,0.255432,159,3876
0,887,5066,5,1887,482,3.91494,4261,805,4041,5,482,1887,0.255432,342,3699
0,888,5072,5,1887,482,3.91494,4267,805,4047,5,482,1887,0.255432,300,3747
0,889,5078,5,1887,482,3.91494,4273,805,4053,5,482,1887,0.255432,263,3790
0,890,5084,5,1887,482,3.91494,4279,805,4059,5,482,1887,0.255432,245,3814
0,891,5090,5,1887,482,3.91494,4285,805,4065,5,482,1887,0.255432,217,3848
0,892,5096,5,1887,482,3.91494,4291,805,4071,5,482,1887,0.255432,193,3878
0,893,5102,5,1887,482,3.91494,4297,805,4077,5,482,1887,0.255432,173,3904
0,894,5108,5,1887,482,3.91494,4303,805,4083,5,482,1887,0.255432,210,3873
0,895,5114,5,1887,482,3.91494,4309,805,4089,5,482,1887,0.255432,186,3903
0,896,5120,5,1887,482,3.91494,4315,805,4095,5,482,1887,0.255432,179,3916
0,897,5126,5,1887,482,3.91494,4321,805,4101,5,482,1887,0.255432,233,3868
0,898,5132,5,1887,482,3.91494,4327,805,4107,5,482,1887,0.255432,208,3899
0,899,5138,5,1887,482,3.91494,4333,805,4113,5,482,1887,0.255432,185,3928
0,900,5144,5,1887,482,3.91494,4339,805,4119,5,482,1887,0.255432,166,3953
0,901,5150,5,1887,482,3.91494,4345,805,4125,5,482,1887,0.255432,150,3975
0,902,5156,5,1887,482,3.91494,4351,805,4131,5,482,1887,0.255432,148,3983
0,903,5162,5,1887,482,3.91494,4357,805,4137,5,482,1887,0.255432,268,3869
0,904,5168,5,1887,482,3.91494,4363,805,4143,5,482,1887,0.255432,237,3906
0,905,5174,5,1887,482,3.91494,4369,805,4149,5,482,1887,0.255432,210,3939
0,906,5180,5,1887,482,3.91494,4375,805,4155,5,482,1887,0.255432,188,3967
0,907,5186,5,1887,482,3.91494,4381,805,4161,5,482,1887,0.255432,168,3993
0,908,5192,5,1887,482,3.91494,4387,805,4167,5,482,1887,0.255432,164,4003
0,909,5198,5,1887,482,3.91494,4393,805,4173,5,482,1887,0.255432,148,4025
0,910,5204,5,1887,482,3.91494,4399,805,4179,5,482,1887,0.255432,134,4045
0,911,5210,5,1887,482,3.91494,4405,805,4185,5,482,1887,0.255432,123,4062
0,912,5216,5,1887,482,3.91494,4411,805,4191,5,482,1887,0.255432,168,4023
0,913,5222,5,1887,482,3.91494,4417,805,4197,5,482,1887,0.255432,151,4046
0,914,5228,5,1887,482,3.91494,4423,805,4203,5,482,1887,0.255432,149,4054
0,915,5234,5,1887,482,3.91494,4429,805,4209,5,482,1887,0.255432,207,4002
0,916,5240,5,1887,482,3.91494,4435,805,4215,5,482,1887,0.255432,186,4029
0,917,5246,5,1887,482,3.91494,4441,805,4221,5,482,1887,0.255432,166,4055
0,918,5252,5,1887,482,3.91494,4447,805,4227,5,482,1887,0.255432,150,4077
0,919,5258,5,1887,482,3.91494,4453,805,4233,5,482,1887,0.255432,136,4097
0,920,5264,5,1887,482,3.91494,4459,805,4239,5,482,1887,0.255432,136,4103
0,921,5270,5,1887,482,3.91494,4465,805,4245,5,482,1887,0.255432,125,4120
0,922,5276,5,1887,482,3.91494,4471,805,4251,5,482,1887,0.255432,116,4135
0,923,5282,5,1887,482,3.91494,4477,805,4257,5,482,1887,0.255432,298,3959
0,924,5288,5,1887,482,3.91494,4483,805,4263,5,482,1887,0.255432,262,4001
0,925,5294,5,1887,482,3.91494,4489,805,4269,5,482,1887,0.255432,231,4038
0,926,5300,5,1887,482,3.91494,4495,805,4275,5,482,1887,0.255432,218,4057
0,927,5306,5,1887,482,3.91494,4501,805,4281,5,482,1887,0.255432,194,4087
0,928,5312,5,1887,482,3.91494,4507,805,4287,5,482,1887,0.255432,174,4113
0,929,5318,5,1887,482,3.91494,4513,805,4293,5,482,1887,0.255432,157,4136
0,930,5324,5,1887,482,3.91494,4519,805,4299,5,482,1887,0.255432,197,4102
0,931,5330,5,1887,482,3.91494,4525,805,4305,5,482,1887,0.255432,175,4130
0,932,5336,5,1887,482,3.91494,4531,805,4311,5,482,1887,0.255432,170,4141
0,933,5342,5,1887,482,3.91494,4537,805,4317,5,482,1887,0.255432,225,4092
0,934,5348,5,1887,482,3.91494,4543,805,4323,5,482,1887,0.255432,201,4122
0,935,5354,5,1887,482,3.91494,4549,805,4329,5,482,1887,0.255432,179,4150
0,936,5360,5,1887,482,3.91494,4555,805,4335,5,482,1887,0.255432,161,4174
0,937,5366,5,1887,482,3.91494,4561,805,4341,5,482,1887,0.255432,145,4196
0,938,5372,5,1887,482,3.91494,4567,805,4347,5,482,1887,0.255432,144,4203
0,939,5378,5,1887,482,3.91494,4573,805,4353,5,482,1887,0.255432,264,4089
0,940,5384,5,1887,482,3.91494,4579,805,4359,5,482,1887,0.255432,234,4125
0,941,5390,5,1887,482,3.91494,4585,805,4365,5,482,1887,0.255432,207,4158
0,942,5396,5,1887,482,3.91494,4591,805,4371,5,482,1887,0.255432,185,4186
0,943,5402,5,1887,482,3.91494,4597,805,4377,5,482,1887,0.255432,165,4212
0,944,5408,5,1887,482,3.91494,4516,892,4383,5,482,1887,0.255432,162,4221
0,945,5414,5,1887,482,3.91494,4522,892,4389,5,482,1887,0.255432,146,4243
0,946,5420,5,1887,482,3.91494,4528,892,4395,5,482,1887,0.255432,133,4262
0,947,5426,5,1887,482,3.91494,4534,892,4401,5,482,1887,0.255432,122,4279
0,948,5432,5,1887,482,3.91494,4540,892,4407,5,482,1887,0.255432,1102,3305
0,949,5438,5,1887,482,3.91494,3653,1785,4413,5,482,1887,0.255432,696,3717
0,950,5444,5,1887,482,3.91494,3659,1785,4419,5,482,1887,0.255432,613,3806
0,951,5450,5,1887,482,3.91494,3665,1785,4425,5,482,1887,0.255432,602,3823
0,952,5456,5,1887,482,3.91494,3671,1785,4431,5,482,1887,0.255432,522,3909
0,953,5462,5,1887,482,3.91494,3677,1785,4437,5,482,1887,0.255432,452,3985
0,954,5468,5,1887,482,3.91494,3683,1785,4443,5,482,1887,0.255432,393,4050
0,955,5474,5,1887,482,3.91494,3689,1785,4449,5,482,1887,0.255432,343,4106
0,956,5480,5,1887,482,3.91494,3695,1785,4455,5,482,1887,0.255432,312,4143
0,957,5486,5,1887,482,3.91494,3701,1785,4461,5,482,1887,0.255432,274,4187
0,958,5492,5,1887,482,3.91494,3707,1785,4467,5,482,1887,0.255432,242,4225
0,959,5498,5,1887,482,3.91494,3713,1785,4473,5,482,1887,0.255432,407,4066
0,960,5504,5,1887,482,3.91494,3719,1785,4479,5,482,1887,0.255432,355,4124
0,961,5510,5,1887,482,3.91494,3725,1785,4485,5,482,1887,0.255432,310,4175
0,962,5516,5,1887,482,3.91494,3731,1785,4491,5,482,1887,0.255432,285,4206
0,963,5522,5,1887,482,3.91494,3737,1785,4497,5,482,1887,0.255432,251,4246
0,964,5528,5,1887,482,3.91494,3743,1785,4503,5,482,1887,0.255432,222,4281
0,965,5534,5,1887,482,3.91494,3749,1785,4509,5,482,1887,0.255432,198,4311
0,966,5540,5,1887,482,3.91494,3755,1785,4515,5,482,1887,0.255432,232,4283
0,967,5546,5,1887,482,3.91494,3761,1785,4521,5,482,1887,0.255432,205,4316
0,968,5552,5,1887,482,3.91494,3767,1785,4527,5,482,1887,0.255432,195,4332
0,969,5558,5,1887,482,3.91494,3773,1785,4533,5,482,1887,0.255432,246,4287
0,970,5564,5,1887,482,3.91494,3779,1785,4539,5,482,1887,0.255432,219,4320
0,971,5570,5,1887,482,3.91494,3785,1785,4545,5,482,1887,0.255432,194,4351
0,972,5576,5,1887,482,3.91494,3791,1785,4551,5,482,1887,0.255432,174,4377
0,973,5582,5,1887,482,3.91494,3797,1785,4557,5,482,1887,0.255432,156,4401
0,974,5588,5,1887,482,3.91494,3803,1785,4563,5,482,1887,0.255432,153,4410
0,975,5594,5,1887,482,3.91494,3809,1785,4569,5,482,1887,0.255432,139,4430
0,976,5600,5,1887,482,3.91494,3815,1785,4575,5,482,1887,0.255432,128,4447
0,977,5606,5,1887,482,3.91494,3821,1785,4581,5,482,1887,0.255432,117,4464
0,978,5612,5,1887,482,3.91494,3827,1785,4587,5,482,1887,0.255432,109,4478
0,979,5618,5,1887,482,3.91494,3833,1785,4593,5,482,1887,0.255432,101,4492
0,980,5624,5,1887,482,3.91494,3839,1785,4599,5,482,1887,0.255432,329,4270
0,981,5630,5,1887,482,3.91494,3602,2028,4605,5,482,1887,0.255432,288,4317
0,982,5636,5,1887,482,3.91494,3608,2028,4611,5,482,1887,0.255432,253,4358
0,983,5642,5,1887,482,3.91494,3614,2028,4617,5,482,1887,0.255432,224,4393
0,984,5648,5,1887,482,3.91494,3620,2028,4623,5,482,1887,0.255432,254,4369
0,985,5654,5,1887,482,3.91494,3626,2028,4629,5,482,1887,0.255432,224,4405
0,986,5660,5,1887,482,3.91494,3632,2028,4635,5,482,1887,0.255432,212,4423
0,987,5666,5,1887,482,3.91494,3638,2028,4641,5,482,1887,0.255432,261,4380
0,988,5672,5,1887,482,3.91494,3644,2028,4647,5,482,1887,0.255432,232,4415
0,989,5678,5,1887,482,3.91494,3650,2028,4653,5,482,1887,0.255432,205,4448
0,990,5684,5,1887,482,3.91494,3656,2028,4659,5,482,1887,0.255432,183,4476
0,991,5690,5,1887,482,3.91494,3662,2028,4665,5,482,1887,0.255432,164,4501
0,992,5696,5,1887,482,3.91494,3668,2028,4671,5,482,1887,0.255432,160,4511
0,993,5702,5,1887,482,3.91494,3674,2028,4677,5,482,1887,0.255432,145,4532
0,994,5708,5,1887,482,3.91494,3680,2028,4683,5,482,1887,0.255432,133,4550
0,995,5714,5,1887,482,3.91494,3686,2028,4689,5,482,1887,0.255432,121,4568
0,996,5720,5,1887,482,3.91494,3692,2028,4695,5,482,1887,0.255432,214,4481
0,997,5726,5,1887,482,3.91494,3698,2028,4701,5,482,1887,0.255432,190,4511
0,998,5732,5,1887,482,3.91494,3704,2028,4707,5,482,1887,0.255432,183,4524
0,999,5738,5,1887,482,3.91494,3710,2028,4713,5,482,1887,0.255432,164,4549
0,1000,5744,5,1887,482,3.91494,3632,2112,4719,5,482,1887,0.255432,148,4571
0,1001,5750,5,1887,482,3.91494,3638,2112,4725,5,482,1887,0.255432,135,4590
0,1002,5756,5,1887,482,3.91494,3644,2112,4731,5,482,1887,0.255432,178,4553
0,1003,5762,5,1887,482,3.91494,3650,2112,4737,5,482,1887,0.255432,159,4578
0,1004,5768,5,1887,482,3.91494,3656,2112,4743,5,482,1887,0.255432,156,4587
0,1005,5774,5,1887,482,3.91494,3662,2112,4749,5,482,1887,0.255432,213,4536
0,1006,5780,5,1887,482,3.91494,3668,2112,4755,5,482,1887,0.255432,191,4564
0,1007,5786,5,1887,482,3.91494,3674,2112,4761,5,482,1887,0.255432,171,4590
0,1008,5792,5,1887,482,3.91494,3680,2112,4767,5,482,1887,0.255432,154,4613
0,1009,5798,5,1887,482,3.91494,3658,2140,4773,5,482,1887,0.255432,139,4634
0,1010,5804,5,1887,482,3.91494,3664,2140,4779,5,482,1887,0.255432,139,4640
0,1011,5810,5,1887,482,3.91494,3670,2140,4785,5,482,1887,0.255432,127,4658
0,1012,5816,5,1887,482,3.91494,3676,2140,4791,5,482,1887,0.255432,117,4674
0,1013,5822,5,1887,482,3.91494,3663,2159,4797,5,482,1887,0.255432,198,4599
0,1014,5828,5,1887,482,3.91494,3580,2248,4803,5,482,1887,0.255432,177,4626
0,1015,5834,5,1887,482,3.91494,3586,2248,4809,5,482,1887,0.255432,159,4650
0,1016,5840,5,1887,482,3.91494,3511,2329,4815,5,482,1887,0.255432,156,4659
0,1017,5846,5,1887,482,3.91494,3517,2329,4821,5,482,1887,0.255432,141,4680
0,1018,5844,4,1913,489,3.91207,5783,61,4801,5,489,1913,0.255619,1102,3699
0,1019,5842,4,1941,496,3.91331,4867,975,4779,5,496,1941,0.255538,1080,3699
0,1020,5841,4,1968,502,3.92032,3925,1916,4758,5,502,1968,0.255081,1098,3660
0,1021,5839,4,1996,509,3.92141,3016,2823,4736,5,509,1996,0.25501,1067,3669
0,1022,5838,4,2023,515,3.92816,2826,3012,4715,5,515,2023,0.254572,1038,3677
0,1023,5837,4,2050,521,3.93474,2820,3017,4694,5,521,2050,0.254146,997,3697
0,1024,5837,4,2078,526,3.95057,2815,3022,4672,5,526,2078,0.253128,958,3714
0,1025,5837,4,2105,531,3.96422,2810,3027,4651,5,531,2105,0.252257,922,3729
0,1026,5837,4,2132,536,3.97761,2805,3032,4630,5,536,2132,0.251407,893,3737
0,1027,5837,4,2159,541,3.99076,2800,3037,4609,5,541,2159,0.250579,861,3748
0,1028,5837,4,2186,546,4.00366,2795,3042,4588,5,546,2186,0.249771,845,3743
0,1029,5838,4,2214,550,4.02545,2791,3047,4566,5,550,2214,0.248419,808,3758
0,1030,5839,4,2241,554,4.04513,2787,3052,4545,5,554,2241,0.247211,775,3770
0,1031,5841,4,2268,557,4.07181,2784,3057,4524,5,557,2268,0.245591,742,3782
0,1032,5842,4,2295,561,4.09091,2780,3062,4503,5,561,2295,0.244444,710,3793
0,1033,5844,4,2322,564,4.11702,2777,3067,4482,5,564,2322,0.242894,744,3738
0,1034,5846,4,2349,567,4.14286,2774,3072,4461,5,567,2349,0.241379,731,3730
0,1035,5848,4,2376,570,4.16842,2771,3077,4440,5,570,2376,0.239899,684,3756
0,1036,5851,4,2403,572,4.20105,2769,3082,4419,5,572,2403,0.238036,640,3779
0,1037,5854,4,2431,574,4.23519,2767,3087,4397,5,574,2431,0.236117,599,3798
0,1038,5856,4,2458,577,4.25997,2764,3092,4376,5,577,2458,0.234744,892,3484
0,1039,5857,4,2484,581,4.27539,2760,3097,4356,5,581,2484,0.233897,831,3525
0,1040,5859,4,2511,584,4.29966,2757,3102,4335,5,584,2511,0.232577,787,3548
0,1041,5861,4,2538,587,4.32368,2754,3107,4314,5,587,2538,0.231284,733,3581
0,1042,5864,4,2565,589,4.35484,2752,3112,4293,5,589,2565,0.22963,683,3610
0,1043,5867,4,2592,591,4.38579,2750,3117,4272,5,591,2592,0.228009,637,3635
0,1044,5870,4,2619,593,4.41653,2748,3122,4251,5,593,2619,0.226422,594,3657
0,1045,5873,4,2646,595,4.44706,2746,3127,4230,5,595,2646,0.224868,553,3677
0,1046,5877,4,2673,596,4.4849,2745,3132,4209,5,596,2673,0.22297,528,3681
0,1047,5881,4,2700,597,4.52261,2744,3137,4188,5,597,2700,0.221111,488,3700
0,1048,5885,4,2727,598,4.5602,2743,3142,4167,5,598,2727,0.219289,451,3716
0,1049,5889,4,2754,599,4.59766,2742,3147,4146,5,599,2754,0.217502,416,3730
0,1050,5894,4,2781,599,4.64274,2742,3152,4125,5,599,2781,0.21539,382,3743
0,1051,5899,4,2808,599,4.68781,2742,3157,4104,5,599,2808,0.213319,490,3614
0,1052,5904,4,2835,599,4.73289,2742,3162,4083,5,599,2835,0.211287,449,3634
0,1053,5909,4,2862,599,4.77796,2747,3162,4062,5,599,2862,0.209294,397,3665
0,1054,5914,4,2889,599,4.82304,2752,3162,4041,5,599,2889,0.207338,349,3692
0,1055,5919,4,2917,599,4.86978,2757,3162,4019,5,599,2917,0.205348,375,3644
0,1056,5924,4,2944,599,4.91486,2762,3162,3998,5,599,2944,0.203465,376,3622
0,1057,5929,4,2971,599,4.95993,2767,3162,3977,5,599,2971,0.201616,318,3659
0,1058,5934,4,2998,599,5.00501,2772,3162,3956,5,599,2998,0.1998,278,3678
0,1059,5939,4,3025,599,5.05008,2777,3162,3935,5,599,3025,0.198017,227,3708
0,1060,5944,4,3053,599,5.09683,2782,3162,3913,5,599,3053,0.1962,180,3733
0,1061,5950,5,3061,599,5.11018,2788,3162,3911,5,599,3061,0.195688,155,3756
0,1062,5956,5,3061,599,5.11018,2773,3183,3917,5,599,3061,0.195688,140,3777
0,1063,5962,5,3061,599,5.11018,2779,3183,3923,5,599,3061,0.195688,128,3795
0,1064,5968,5,3061,599,5.11018,2785,3183,3929,5,599,3061,0.195688,130,3799
0,1065,5974,5,3061,599,5.11018,2774,3200,3935,5,599,3061,0.195688,119,3816
0,1066,5979,4,3087,599,5.15359,2763,3216,3915,5,599,3087,0.19404,326,3589
0,1067,5984,4,3114,599,5.19866,2768,3216,3894,5,599,3114,0.192357,291,3603
0,1068,5989,4,3141,599,5.24374,2827,3162,3873,5,599,3141,0.190704,258,3615
0,1069,5994,4,3168,599,5.28881,2832,3162,3852,5,599,3168,0.189078,315,3537
0,1070,5999,4,3195,599,5.33389,2837,3162,3831,5,599,3195,0.18748,283,3548
0,1071,6004,4,3223,599,5.38063,2842,3162,3809,5,599,3223,0.185852,238,3571
0,1072,6009,4,3250,599,5.42571,2847,3162,3788,5,599,3250,0.184308,197,3591
0,1073,6014,4,3277,599,5.47078,2852,3162,3767,5,599,3277,0.182789,230,3537
0,1074,6020,5,3303,599,5.51419,2858,3162,3747,5,599,3303,0.18135,236,3511
0,1075,6026,5,3303,599,5.51419,2850,3176,3753,5,599,3303,0.18135,210,3543
0,1076,6032,5,3303,599,5.51419,2856,3176,3759,5,599,3303,0.18135,200,3559
0,1077,6038,5,3303,599,5.51419,2862,3176,3765,5,599,3303,0.18135,179,3586
0,1078,6044,5,3303,599,5.51419,2868,3176,3771,5,599,3303,0.18135,162,3609
0,1079,6050,5,3303,599,5.51419,2874,3176,3777,5,599,3303,0.18135,147,3630
0,1080,6056,5,3303,599,5.51419,2866,3190,3783,5,599,3303,0.18135,134,3649
0,1081,6062,5,3303,599,5.51419,2872,3190,3789,5,599,3303,0.18135,123,3666
0,1082,6068,5,3303,599,5.51419,2878,3190,3795,5,599,3303,0.18135,126,3669
0,1083,6074,5,3303,599,5.51419,2884,3190,3801,5,599,3303,0.18135,116,3685
0,1084,6080,5,3303,599,5.51419,2904,3176,3807,5,599,3303,0.18135,108,3699
0,1085,6086,5,3303,599,5.51419,2910,3176,3813,5,599,3303,0.18135,101,3712
0,1086,6092,5,3303,599,5.51419,2902,3190,3819,5,599,3303,0.18135,95,3724
0,1087,6098,5,3303,599,5.51419,2922,3176,3825,5,599,3303,0.18135,179,3646
0,1088,6095,4,3329,607,5.48435,2919,3176,3805,5,607,3329,0.182337,1290,2515
0,1089,6091,4,3355,616,5.44643,2744,3347,3785,5,616,3355,0.183607,1279,2506
0,1090,6088,4,3381,624,5.41827,2736,3352,3765,5,624,3381,0.184561,1236,2529
0,1091,6085,4,3408,632,5.39241,2728,3357,3744,5,632,3408,0.185446,1196,2548
0,1092,6083,4,3434,639,5.37402,2721,3362,3724,5,639,3434,0.18608,1775,1949
0,1093,6080,4,3460,647,5.34776,2713,3367,3704,5,647,3460,0.186994,1749,1955
0,1094,6078,4,3486,654,5.33028,2706,3372,3684,5,654,3486,0.187608,1630,2054
0,1095,6076,4,3512,661,5.31316,2699,3377,3664,5,661,3512,0.188212,1512,2152
0,1096,6075,4,3538,667,5.30435,2693,3382,3644,5,667,3538,0.188525,1450,2194
0,1097,6073,4,3564,674,5.28783,2686,3387,3624,5,674,3564,0.189113,1356,2268
0,1098,6072,4,3590,680,5.27941,2680,3392,3604,5,680,3590,0.189415,1267,2337
0,1099,6071,4,3616,686,5.27114,2674,3397,3584,5,686,3616,0.189712,1188,2396
0,1100,6071,4,3641,691,5.26918,2669,3402,3565,5,691,3641,0.189783,1130,2435
0,1101,6070,4,3667,697,5.26112,2663,3407,3545,5,697,3667,0.190074,1064,2481
0,1102,6070,4,3693,702,5.26068,2658,3412,3525,5,702,3693,0.190089,1005,2520
0,1103,6069,4,3718,708,5.25141,2652,3417,3506,5,708,3718,0.190425,1072,2434
0,1104,6068,4,3744,714,5.2437,2646,3422,3486,5,714,3744,0.190705,1022,2464
0,1105,6068,4,3770,719,5.24339,2641,3427,3466,5,719,3770,0.190716,976,2490
0,1106,6067,4,3795,725,5.23448,2635,3432,3447,5,725,3795,0.191041,950,2497
0,1107,6067,4,3821,730,5.23425,2630,3437,3427,5,730,3821,0.191049,1416,2011
0,1108,6067,4,3846,735,5.23265,2625,3442,3408,5,735,3846,0.191108,1381,2027
0,1109,6068,4,3872,739,5.23951,2621,3447,3388,5,739,3872,0.190857,1337,2051
0,1110,6068,4,3897,744,5.2379,2616,3452,3369,5,744,3897,0.190916,1278,2091
0,1111,6069,4,3922,748,5.24332,2612,3457,3350,5,748,3922,0.190719,1170,2180
0,1112,6070,4,3948,752,5.25,2608,3462,3330,5,752,3948,0.190476,1086,2244
0,1113,6072,4,3973,755,5.26225,2610,3462,3311,5,755,3973,0.190033,1000,2311
0,1114,6074,4,3998,758,5.27441,2612,3462,3292,5,758,3998,0.189595,924,2368
0,1115,6075,4,4024,762,5.28084,2613,3462,3272,5,762,4024,0.189364,854,2418
0,1116,6078,4,4049,764,5.29974,2616,3462,3253,5,764,4049,0.188689,792,2461
0,1117,6080,4,4075,767,5.31291,2618,3462,3233,5,767,4075,0.188221,733,2500
0,1118,6083,4,4100,769,5.3316,2621,3462,3214,5,769,4100,0.187561,693,2521
0,1119,6086,4,4125,771,5.35019,2624,3462,3195,5,771,4125,0.186909,643,2552
0,1120,6089,4,4151,773,5.36999,2627,3462,3175,5,773,4151,0.18622,597,2578
0,1121,6092,4,4176,775,5.38839,2630,3462,3156,5,775,4176,0.185584,554,2602
0,1122,6096,4,4201,776,5.41366,2634,3462,3137,5,776,4201,0.184718,513,2624
0,1123,6100,4,4227,777,5.44015,2638,3462,3117,5,777,4227,0.183818,564,2553
0,1124,6102,4,4252,780,5.45128,2640,3462,3098,5,780,4252,0.183443,758,2340
0,1125,6104,4,4277,783,5.46232,2642,3462,3079,5,783,4277,0.183072,711,2368
0,1126,6106,4,4302,786,5.47328,2644,3462,3060,5,786,4302,0.182706,667,2393
0,1127,6109,4,4327,788,5.49112,2647,3462,3041,5,788,4327,0.182112,697,2344
0,1128,6112,4,4353,790,5.51013,2650,3462,3021,5,790,4353,0.181484,700,2321
0,1129,6115,4,4378,792,5.52778,2653,3462,3002,5,792,4378,0.180905,645,2357
0,1130,6118,4,4403,794,5.54534,2656,3462,2983,5,794,4403,0.180332,607,2376
0,1131,6122,4,4428,795,5.56981,2660,3462,2964,5,795,4428,0.179539,560,2404
0,1132,6126,4,4453,796,5.59422,2664,3462,2945,5,796,4453,0.178756,516,2429
0,1133,6130,4,4478,797,5.61857,2668,3462,2926,5,797,4478,0.177981,474,2452
0,1134,6133,4,4504,799,5.63705,2671,3462,2906,5,799,4504,0.177398,563,2343
0,1135,6136,4,4529,801,5.65418,2674,3462,2887,5,801,4529,0.17686,526,2361
0,1136,6140,4,4554,802,5.6783,2678,3462,2868,5,802,4554,0.176109,504,2364
0,1137,6144,4,4579,803,5.70237,2682,3462,2849,5,803,4579,0.175366,468,2381
0,1138,6148,4,4604,804,5.72637,2686,3462,2830,5,804,4604,0.174631,435,2395
0,1139,6152,4,4629,805,5.75031,2690,3462,2811,5,805,4629,0.173904,402,2409
0,1140,6157,4,4654,805,5.78137,2695,3462,2792,5,805,4654,0.172969,370,2422
0,1141,6161,4,4680,806,5.80645,2699,3462,2772,5,806,4680,0.172222,428,2344
0,1142,6166,4,4705,806,5.83747,2704,3462,2753,5,806,4705,0.171307,397,2356
0,1143,6171,4,4730,806,5.86849,2709,3462,2734,5,806,4730,0.170402,355,2379
0,1144,6176,4,4755,806,5.8995,2714,3462,2715,5,806,4755,0.169506,315,2400
0,1145,6181,4,4780,806,5.93052,2719,3462,2696,5,806,4780,0.168619,431,2265
0,1146,6186,4,4806,806,5.96278,2724,3462,2676,5,806,4806,0.167707,437,2239
0,1147,6191,4,4831,806,5.9938,2729,3462,2657,5,806,4831,0.166839,386,2271
0,1148,6196,4,4856,806,6.02481,2734,3462,2638,5,806,4856,0.16598,351,2287
0,1149,6201,4,4881,806,6.05583,2739,3462,2619,5,806,4881,0.16513,305,2314
0,1150,6206,4,4907,806,6.08809,2744,3462,2599,5,806,4907,0.164255,262,2337
0,1151,6211,4,4932,806,6.11911,2749,3462,2580,5,806,4932,0.163423,222,2358
0,1152,6216,4,4957,806,6.15012,2754,3462,2561,5,806,4957,0.162598,184,2377
0,1153,6221,4,4983,806,6.18238,2759,3462,2541,5,806,4983,0.16175,147,2394
0,1154,6227,5,5007,806,6.21216,2765,3462,2523,5,806,5007,0.160975,126,2397
0,1155,6233,5,5007,806,6.21216,2757,3476,2529,5,806,5007,0.160975,116,2413
0,1156,6239,5,5007,806,6.21216,2763,3476,2535,5,806,5007,0.160975,108,2427
0,1157,6245,5,5007,806,6.21216,2769,3476,2541,5,806,5007,0.160975,101,2440
0,1158,6251,5,5007,806,6.21216,2775,3476,2547,5,806,5007,0.160975,95,2452
0,1159,6257,5,5007,806,6.21216,2781,3476,2553,5,806,5007,0.160975,89,2464
0,1160,6263,5,5007,806,6.21216,2787,3476,2559,5,806,5007,0.160975,97,2462
0,1161,6269,5,5007,806,6.21216,2793,3476,2565,5,806,5007,0.160975,91,2474
0,1162,6275,5,5007,806,6.21216,2799,3476,2571,5,806,5007,0.160975,87,2484
0,1163,6281,5,5007,806,6.21216,2805,3476,2577,5,806,5007,0.160975,84,2493
0,1164,6287,5,5007,806,6.21216,3612,2675,2583,5,806,5007,0.160975,135,2448
0,1165,6293,5,5007,806,6.21216,3618,2675,2589,5,806,5007,0.160975,124,2465
0,1166,6299,5,5007,806,6.21216,3624,2675,2595,5,806,5007,0.160975,127,2468
0,1167,6305,5,5007,806,6.21216,5327,978,2601,5,806,5007,0.160975,118,2483
0,1168,6311,5,5007,806,6.21216,5983,328,2607,5,806,5007,0.160975,110,2497
0,1169,6317,5,5007,806,6.21216,5989,328,2613,5,806,5007,0.160975,103,2510
0,1170,6323,5,5007,806,6.21216,5995,328,2619,5,806,5007,0.160975,97,2522
0,1171,6329,5,5007,806,6.21216,6001,328,2625,5,806,5007,0.160975,92,2533
0,1172,6335,5,5007,806,6.21216,6007,328,2631,5,806,5007,0.160975,100,2531
0,1173,6341,5,5007,806,6.21216,6013,328,2637,5,806,5007,0.160975,95,2542
0,1174,6347,5,5007,806,6.21216,6005,342,2643,5,806,5007,0.160975,91,2552
0,1175,6353,5,5007,806,6.21216,6011,342,2649,5,806,5007,0.160975,87,2562
0,1176,6359,5,5007,806,6.21216,6017,342,2655,5,806,5007,0.160975,83,2572
0,1177,6365,5,5007,806,6.21216,6023,342,2661,5,806,5007,0.160975,80,2581
0,1178,6371,5,5007,806,6.21216,6015,356,2667,5,806,5007,0.160975,90,2577
0,1179,6377,5,5007,806,6.21216,6021,356,2673,5,806,5007,0.160975,86,2587
0,1180,6383,5,5007,806,6.21216,6069,314,2679,5,806,5007,0.160975,83,2596
0,1181,6389,5,5007,806,6.21216,6061,328,2685,5,806,5007,0.160975,80,2605
0,1182,6395,5,5007,806,6.21216,6067,328,2691,5,806,5007,0.160975,132,2559
0,1183,6400,4,5042,806,6.25558,6086,314,2662,5,806,5042,0.159857,189,2473
0,1184,6405,4,5078,806,6.30025,6080,325,2632,5,806,5078,0.158724,157,2475
0,1185,6411,5,5110,806,6.33995,6086,325,2606,5,806,5110,0.15773,116,2490
0,1186,6417,5,5110,806,6.33995,6078,339,2612,5,806,5110,0.15773,109,2503
0,1187,6423,5,5110,806,6.33995,6084,339,2618,5,806,5110,0.15773,102,2516
0,1188,6429,5,5110,806,6.33995,6090,339,2624,5,806,5110,0.15773,96,2528
0,1189,6435,5,5110,806,6.33995,6096,339,2630,5,806,5110,0.15773,91,2539
0,1190,6441,5,5110,806,6.33995,6102,339,2636,5,806,5110,0.15773,99,2537
0,1191,6447,5,5110,806,6.33995,6108,339,2642,5,806,5110,0.15773,94,2548
0,1192,6453,5,5110,806,6.33995,6114,339,2648,5,806,5110,0.15773,90,2558
0,1193,6459,5,5110,806,6.33995,6120,339,2654,5,806,5110,0.15773,86,2568
0,1194,6465,5,5110,806,6.33995,6126,339,2660,5,806,5110,0.15773,83,2577
0,1195,6471,5,5110,806,6.33995,6118,353,2666,5,806,5110,0.15773,80,2586
0,1196,6477,5,5110,806,6.33995,6124,353,2672,5,806,5110,0.15773,90,2582
0,1197,6483,5,5110,806,6.33995,6130,353,2678,5,806,5110,0.15773,86,2592
0,1198,6489,5,5110,806,6.33995,6136,353,2684,5,806,5110,0.15773,83,2601
0,1199,6495,5,5110,806,6.33995,6142,353,2690,5,806,5110,0.15773,80,2610
0,1200,6501,5,5110,806,6.33995,6134,367,2696,5,806,5110,0.15773,132,2564
0,1201,6507,5,5110,806,6.33995,6140,367,2702,5,806,5110,0.15773,121,2581
0,1202,6513,5,5110,806,6.33995,6146,367,2708,5,806,5110,0.15773,125,2583
0,1203,6519,5,5110,806,6.33995,6138,381,2714,5,806,5110,0.15773,116,2598
0,1204,6525,5,5110,806,6.33995,6186,339,2720,5,806,5110,0.15773,109,2611
0,1205,6531,5,5142,806,6.37965,6178,353,2694,5,806,5142,0.156748,102,2592
0,1206,6537,5,5142,806,6.37965,6198,339,2700,5,806,5142,0.156748,96,2604
0,1207,6543,5,5142,806,6.37965,6204,339,2706,5,806,5142,0.156748,91,2615
0,1208,6549,5,5142,806,6.37965,6210,339,2712,5,806,5142,0.156748,99,2613
0,1209,6555,5,5142,806,6.37965,6216,339,2718,5,806,5142,0.156748,94,2624
0,1210,6561,5,5142,806,6.37965,6222,339,2724,5,806,5142,0.156748,90,2634
0,1211,6567,5,5142,806,6.37965,6228,339,2730,5,806,5142,0.156748,86,2644
0,1212,6573,5,5142,806,6.37965,6234,339,2736,5,806,5142,0.156748,83,2653
0,1213,6579,5,5142,806,6.37965,6240,339,2742,5,806,5142,0.156748,80,2662
0,1214,6585,5,5142,806,6.37965,6246,339,2748,5,806,5142,0.156748,90,2658
0,1215,6591,5,5142,806,6.37965,6252,339,2754,5,806,5142,0.156748,86,2668
0,1216,6597,5,5142,806,6.37965,6438,159,2760,5,806,5142,0.156748,83,2677
0,1217,6603,5,5142,806,6.37965,6444,159,2766,5,806,5142,0.156748,80,2686
0,1218,6609,5,5142,806,6.37965,6436,173,2772,5,806,5142,0.156748,132,2640
0,1219,6615,5,5142,806,6.37965,6442,173,2778,5,806,5142,0.156748,121,2657
0,1220,6621,5,5142,806,6.37965,6448,173,2784,5,806,5142,0.156748,125,2659
0,1221,6627,5,5142,806,6.37965,6454,173,2790,5,806,5142,0.156748,116,2674
0,1222,6633,5,5142,806,6.37965,6460,173,2796,5,806,5142,0.156748,109,2687
0,1223,6639,5,5142,806,6.37965,6466,173,2802,5,806,5142,0.156748,102,2700
0,1224,6645,5,5142,806,6.37965,6472,173,2808,5,806,5142,0.156748,96,2712
0,1225,6651,5,5142,806,6.37965,6464,187,2814,5,806,5142,0.156748,91,2723
0,1226,6657,5,5142,806,6.37965,6590,67,2820,5,806,5142,0.156748,99,2721
0,1227,6663,5,5142,806,6.37965,6596,67,2826,5,806,5142,0.156748,94,2732
0,1228,6669,5,5142,806,6.37965,6602,67,2832,5,806,5142,0.156748,90,2742
0,1229,6675,5,5142,806,6.37965,6608,67,2838,5,806,5142,0.156748,86,2752
0,1230,6681,5,5142,806,6.37965,6600,81,2844,5,806,5142,0.156748,83,2761
0,1231,6687,5,5142,806,6.37965,6648,39,2850,5,806,5142,0.156748,80,2770
0,1232,6693,5,5142,806,6.37965,6654,39,2856,5,806,5142,0.156748,90,2766
0,1233,6699,5,5142,806,6.37965,6646,53,2862,5,806,5142,0.156748,86,2776
0,1234,6705,5,5142,806,6.37965,6638,67,2868,5,806,5142,0.156748,83,2785
0,1235,6710,4,5178,806,6.42432,6629,81,2838,5,806,5178,0.155659,132,2706
0,1236,6715,4,5214,806,6.46898,6649,66,2808,5,806,5214,0.154584,148,2660
0,1237,6721,5,5231,806,6.49007,6650,71,2797,5,806,5231,0.154081,121,2676
0,1238,6727,5,5231,806,6.49007,6642,85,2803,5,806,5231,0.154081,125,2678
0,1239,6733,5,5231,806,6.49007,6648,85,2809,5,806,5231,0.154081,116,2693
0,1240,6739,5,5231,806,6.49007,6654,85,2815,5,806,5231,0.154081,109,2706
0,1241,6745,5,5231,806,6.49007,6660,85,2821,5,806,5231,0.154081,886,1935
0,1242,6751,5,5231,806,6.49007,6666,85,2827,5,806,5231,0.154081,762,2065
0,1243,6757,5,5231,806,6.49007,6672,85,2833,5,806,5231,0.154081,657,2176
0,1244,6763,5,5231,806,6.49007,6678,85,2839,5,806,5231,0.154081,580,2259
0,1245,6769,5,5231,806,6.49007,6684,85,2845,5,806,5231,0.154081,502,2343
0,1246,6775,5,5231,806,6.49007,6690,85,2851,5,806,5231,0.154081,436,2415
0,1247,6781,5,5231,806,6.49007,6696,85,2857,5,806,5231,0.154081,380,2477
0,1248,6787,5,5231,806,6.49007,6702,85,2863,5,806,5231,0.154081,332,2531
0,1249,6793,5,5231,806,6.49007,6708,85,2869,5,806,5231,0.154081,291,2578
0,1250,6799,5,5231,806,6.49007,6714,85,2875,5,806,5231,0.154081,269,2606
0,1251,6805,5,5231,806,6.49007,6720,85,2881,5,806,5231,0.154081,238,2643
0,1252,6811,5,5231,806,6.49007,6726,85,2887,5,806,5231,0.154081,212,2675
0,1253,6817,5,5231,806,6.49007,6732,85,2893,5,806,5231,0.154081,189,2704
0,1254,6823,5,5231,806,6.49007,6738,85,2899,5,806,5231,0.154081,224,2675
0,1255,6829,5,5231,806,6.49007,6744,85,2905,5,806,5231,0.154081,199,2706
0,1256,6835,5,5231,806,6.49007,6750,85,2911,5,806,5231,0.154081,834,2077
0,1257,6841,5,5231,806,6.49007,6113,728,2917,5,806,5231,0.154081,718,2199
0,1258,6847,5,5231,806,6.49007,6119,728,2923,5,806,5231,0.154081,620,2303
0,1259,6853,5,5231,806,6.49007,6125,728,2929,5,806,5231,0.154081,535,2394
0,1260,6859,5,5231,806,6.49007,6131,728,2935,5,806,5231,0.154081,463,2472
0,1261,6865,5,5231,806,6.49007,6137,728,2941,5,806,5231,0.154081,402,2539
0,1262,6871,5,5231,806,6.49007,6143,728,2947,5,806,5231,0.154081,362,2585
0,1263,6877,5,5231,806,6.49007,6149,728,2953,5,806,5231,0.154081,317,2636
0,1264,6883,5,5231,806,6.49007,6155,728,2959,5,806,5231,0.154081,279,2680
0,1265,6889,5,5231,806,6.49007,6161,728,2965,5,806,5231,0.154081,246,2719
0,1266,6895,5,5231,806,6.49007,6167,728,2971,5,806,5231,0.154081,364,2607
0,1267,6901,5,5231,806,6.49007,6173,728,2977,5,806,5231,0.154081,318,2659
0,1268,6907,5,5231,806,6.49007,6179,728,2983,5,806,5231,0.154081,292,2691
0,1269,6913,5,5231,806,6.49007,6185,728,2989,5,806,5231,0.154081,257,2732
0,1270,6919,5,5231,806,6.49007,6191,728,2995,5,806,5231,0.154081,227,2768
0,1271,6925,5,5231,806,6.49007,6197,728,3001,5,806,5231,0.154081,201,2800
0,1272,6931,5,5231,806,6.49007,6203,728,3007,5,806,5231,0.154081,234,2773
0,1273,6937,5,5231,806,6.49007,6209,728,3013,5,806,5231,0.154081,207,2806
0,1274,6943,5,5231,806,6.49007,6215,728,3019,5,806,5231,0.154081,197,2822
0,1275,6949,5,5231,806,6.49007,6221,728,3025,5,806,5231,0.154081,177,2848
0,1276,6955,5,5231,806,6.49007,6227,728,3031,5,806,5231,0.154081,159,2872
0,1277,6961,5,5231,806,6.49007,6233,728,3037,5,806,5231,0.154081,143,2894
0,1278,6967,5,5231,806,6.49007,6239,728,3043,5,806,5231,0.154081,130,2913
0,1279,6973,5,5231,806,6.49007,6245,728,3049,5,806,5231,0.154081,119,2930
0,1280,6979,5,5231,806,6.49007,6251,728,3055,5,806,5231,0.154081,316,2739
0,1281,6985,5,5231,806,6.49007,6257,728,3061,5,806,5231,0.154081,278,2783
0,1282,6991,5,5231,806,6.49007,6263,728,3067,5,806,5231,0.154081,246,2821
0,1283,6997,5,5231,806,6.49007,6269,728,3073,5,806,5231,0.154081,217,2856
0,1284,7003,5,5231,806,6.49007,6275,728,3079,5,806,5231,0.154081,193,2886
0,1285,7009,5,5231,806,6.49007,6281,728,3085,5,806,5231,0.154081,395,2690
0,1286,7015,5,5231,806,6.49007,6287,728,3091,5,806,5231,0.154081,357,2734
0,1287,7021,5,5231,806,6.49007,6293,728,3097,5,806,5231,0.154081,312,2785
0,1288,7027,5,5231,806,6.49007,6299,728,3103,5,806,5231,0.154081,274,2829
0,1289,7033,5,5231,806,6.49007,6305,728,3109,5,806,5231,0.154081,242,2867
0,1290,7039,5,5231,806,6.49007,6311,728,3115,5,806,5231,0.154081,269,2846
0,1291,7045,5,5231,806,6.49007,6342,703,3121,5,806,5231,0.154081,237,2884
0,1292,7051,5,5231,806,6.49007,6348,703,3127,5,806,5231,0.154081,223,2904
0,1293,7057,5,5231,806,6.49007,6354,703,3133,5,806,5231,0.154081,198,2935
0,1294,7063,5,5231,806,6.49007,6360,703,3139,5,806,5231,0.154081,178,2961
0,1295,7069,5,5231,806,6.49007,6366,703,3145,5,806,5231,0.154081,160,2985
0,1296,7075,5,5231,806,6.49007,6372,703,3151,5,806,5231,0.154081,144,3007
0,1297,7081,5,5231,806,6.49007,6378,703,3157,5,806,5231,0.154081,131,3026
0,1298,7087,5,5231,806,6.49007,6384,703,3163,5,806,5231,0.154081,132,3031
0,1299,7093,5,5231,806,6.49007,6390,703,3169,5,806,5231,0.154081,121,3048
0,1300,7099,5,5231,806,6.49007,6396,703,3175,5,806,5231,0.154081,112,3063
0,1301,7105,5,5231,806,6.49007,6402,703,3181,5,806,5231,0.154081,104,3077
0,1302,7111,5,5231,806,6.49007,6408,703,3187,5,806,5231,0.154081,97,3090
0,1303,7117,5,5231,806,6.49007,6414,703,3193,5,806,5231,0.154081,91,3102
0,1304,7123,5,5231,806,6.49007,6420,703,3199,5,806,5231,0.154081,98,3101
0,1305,7129,5,5231,806,6.49007,6426,703,3205,5,806,5231,0.154081,91,3114
0,1306,7135,5,5231,806,6.49007,6432,703,3211,5,806,5231,0.154081,87,3124
0,1307,7141,5,5231,806,6.49007,6438,703,3217,5,806,5231,0.154081,83,3134
0,1308,7147,5,5231,806,6.49007,6444,703,3223,5,806,5231,0.154081,134,3089
0,1309,7153,5,5231,806,6.49007,6450,703,3229,5,806,5231,0.154081,122,3107
0,1310,7159,5,5231,806,6.49007,6456,703,3235,5,806,5231,0.154081,125,3110
0,1311,7165,5,5231,806,6.49007,6462,703,3241,5,806,5231,0.154081,188,3053
0,1312,7171,5,5231,806,6.49007,6468,703,3247,5,806,5231,0.154081,170,3077
0,1313,7177,5,5231,806,6.49007,6474,703,3253,5,806,5231,0.154081,153,3100
0,1314,7183,5,5231,806,6.49007,6480,703,3259,5,806,5231,0.154081,139,3120
0,1315,7189,5,5231,806,6.49007,6486,703,3265,5,806,5231,0.154081,127,3138
0,1316,7195,5,5231,806,6.49007,6492,703,3271,5,806,5231,0.154081,129,3142
0,1317,7201,5,5231,806,6.49007,6498,703,3277,5,806,5231,0.154081,119,3158
0,1318,7207,5,5231,806,6.49007,6504,703,3283,5,806,5231,0.154081,111,3172
0,1319,7213,5,5231,806,6.49007,6510,703,3289,5,806,5231,0.154081,103,3186
0,1320,7219,5,5231,806,6.49007,6516,703,3295,5,806,5231,0.154081,97,3198
0,1321,7225,5,5231,806,6.49007,6522,703,3301,5,806,5231,0.154081,91,3210
0,1322,7231,5,5231,806,6.49007,6528,703,3307,5,806,5231,0.154081,99,3208
0,1323,7237,5,5231,806,6.49007,6534,703,3313,5,806,5231,0.154081,93,3220
0,1324,7243,5,5231,806,6.49007,6540,703,3319,5,806,5231,0.154081,88,3231
0,1325,7249,5,5231,806,6.49007,6546,703,3325,5,806,5231,0.154081,84,3241
0,1326,7255,5,5231,806,6.49007,6552,703,3331,5,806,5231,0.154081,135,3196
0,1327,7261,5,5231,806,6.49007,6558,703,3337,5,806,5231,0.154081,155,3182
0,1328,7267,5,5231,806,6.49007,6564,703,3343,5,806,5231,0.154081,153,3190
0,1329,7273,5,5231,806,6.49007,6570,703,3349,5,806,5231,0.154081,210,3139
0,1330,7279,5,5231,806,6.49007,6576,703,3355,5,806,5231,0.154081,188,3167
0,1331,7285,5,5231,806,6.49007,6550,735,3361,5,806,5231,0.154081,168,3193
0,1332,7291,5,5231,806,6.49007,6556,735,3367,5,806,5231,0.154081,151,3216
0,1333,7297,5,5231,806,6.49007,6562,735,3373,5,806,5231,0.154081,137,3236
0,1334,7303,5,5231,806,6.49007,6568,735,3379,5,806,5231,0.154081,137,3242
0,1335,7309,5,5231,806,6.49007,6574,735,3385,5,806,5231,0.154081,125,3260
0,1336,7315,5,5231,806,6.49007,6580,735,3391,5,806,5231,0.154081,116,3275
0,1337,7321,5,5231,806,6.49007,6586,735,3397,5,806,5231,0.154081,107,3290
0,1338,7327,5,5231,806,6.49007,6592,735,3403,5,806,5231,0.154081,100,3303
0,1339,7333,5,5231,806,6.49007,6598,735,3409,5,806,5231,0.154081,93,3316
0,1340,7339,5,5231,806,6.49007,6604,735,3415,5,806,5231,0.154081,100,3315
0,1341,7345,5,5231,806,6.49007,6610,735,3421,5,806,5231,0.154081,93,3328
0,1342,7351,5,5231,806,6.49007,6616,735,3427,5,806,5231,0.154081,88,3339
0,1343,7357,5,5231,806,6.49007,6622,735,3433,5,806,5231,0.154081,84,3349
0,1344,7363,5,5231,806,6.49007,6628,735,3439,5,806,5231,0.154081,135,3304
0,1345,7369,5,5231,806,6.49007,6634,735,3445,5,806,5231,0.154081,123,3322
0,1346,7375,5,5231,806,6.49007,6640,735,3451,5,806,5231,0.154081,126,3325
0,1347,7381,5,5231,806,6.49007,6646,735,3457,5,806,5231,0.154081,188,3269
0,1348,7387,5,5231,806,6.49007,6652,735,3463,5,806,5231,0.154081,170,3293
0,1349,7393,5,5231,806,6.49007,6658,735,3469,5,806,5231,0.154081,153,3316
0,1350,7399,5,5231,806,6.49007,6664,735,3475,5,806,5231,0.154081,139,3336
0,1351,7405,5,5231,806,6.49007,6670,735,3481,5,806,5231,0.154081,127,3354
0,1352,7411,5,5231,806,6.49007,6676,735,3487,5,806,5231,0.154081,129,3358
0,1353,7417,5,5231,806,6.49007,6682,735,3493,5,806,5231,0.154081,119,3374
0,1354,7423,5,5231,806,6.49007,6688,735,3499,5,806,5231,0.154081,111,3388
0,1355,7429,5,5231,806,6.49007,6694,735,3505,5,806,5231,0.154081,103,3402
0,1356,7435,5,5231,806,6.49007,6700,735,3511,5,806,5231,0.154081,97,3414
0,1357,7441,5,5231,806,6.49007,6706,735,3517,5,806,5231,0.154081,91,3426
0,1358,7447,5,5231,806,6.49007,6712,735,3523,5,806,5231,0.154081,99,3424
0,1359,7453,5,5231,806,6.49007,6764,689,3529,5,806,5231,0.154081,93,3436
0,1360,7459,5,5231,806,6.49007,6770,689,3535,5,806,5231,0.154081,88,3447
0,1361,7465,5,5231,806,6.49007,6776,689,3541,5,806,5231,0.154081,84,3457
0,1362,7471,5,5231,806,6.49007,6782,689,3547,5,806,5231,0.154081,135,3412
0,1363,7477,5,5231,806,6.49007,6788,689,3553,5,806,5231,0.154081,123,3430
0,1364,7483,5,5231,806,6.49007,6780,703,3559,5,806,5231,0.154081,126,3433
0,1365,7489,5,5231,806,6.49007,6786,703,3565,5,806,5231,0.154081,188,3377
0,1366,7495,5,5231,806,6.49007,6792,703,3571,5,806,5231,0.154081,170,3401
0,1367,7501,5,5231,806,6.49007,6798,703,3577,5,806,5231,0.154081,153,3424
0,1368,7507,5,5231,806,6.49007,6804,703,3583,5,806,5231,0.154081,139,3444
0,1369,7513,5,5231,806,6.49007,6810,703,3589,5,806,5231,0.154081,127,3462
0,1370,7519,5,5231,806,6.49007,6816,703,3595,5,806,5231,0.154081,129,3466
0,1371,7525,5,5231,806,6.49007,6822,703,3601,5,806,5231,0.154081,119,3482
0,1372,7531,5,5231,806,6.49007,6828,703,3607,5,806,5231,0.154081,111,3496
0,1373,7537,5,5231,806,6.49007,6834,703,3613,5,806,5231,0.154081,103,3510
0,1374,7543,5,5231,806,6.49007,6840,703,3619,5,806,5231,0.154081,97,3522
0,1375,7549,5,5231,806,6.49007,6846,703,3625,5,806,5231,0.154081,91,3534
0,1376,7555,5,5231,806,6.49007,6852,703,3631,5,806,5231,0.154081,99,3532
0,1377,7561,5,5231,806,6.49007,6858,703,3637,5,806,5231,0.154081,93,3544
0,1378,7567,5,5231,806,6.49007,6864,703,3643,5,806,5231,0.154081,88,3555
0,1379,7573,5,5231,806,6.49007,6870,703,3649,5,806,5231,0.154081,84,3565
0,1380,7579,5,5231,806,6.49007,6862,717,3655,5,806,5231,0.154081,135,3520
0,1381,7585,5,5231,806,6.49007,6868,717,3661,5,806,5231,0.154081,123,3538
0,1382,7591,5,5231,806,6.49007,7577,14,3667,5,806,5231,0.154081,126,3541
0,1383,7597,5,5231,806,6.49007,7583,14,3673,5,806,5231,0.154081,188,3485
0,1384,7603,5,5231,806,6.49007,7589,14,3679,5,806,5231,0.154081,170,3509
0,1385,7609,5,5231,806,6.49007,7595,14,3685,5,806,5231,0.154081,153,3532
0,1386,7615,5,5231,806,6.49007,7601,14,3691,5,806,5231,0.154081,139,3552
0,1387,7621,5,5231,806,6.49007,7607,14,3697,5,806,5231,0.154081,127,3570
0,1388,7627,5,5231,806,6.49007,7613,14,3703,5,806,5231,0.154081,129,3574
0,1389,7633,5,5231,806,6.49007,7619,14,3709,5,806,5231,0.154081,119,3590
0,1390,7639,5,5231,806,6.49007,7611,28,3715,5,806,5231,0.154081,1081,2634
0,1391,7645,5,5231,806,6.49007,6647,998,3721,5,806,5231,0.154081,927,2794
0,1392,7651,5,5231,806,6.49007,6653,998,3727,5,806,5231,0.154081,797,2930
0,1393,7657,5,5231,806,6.49007,6659,998,3733,5,806,5231,0.154081,686,3047
0,1394,7663,5,5231,806,6.49007,6665,998,3739,5,806,5231,0.154081,604,3135
0,1395,7669,5,5231,806,6.49007,6671,998,3745,5,806,5231,0.154081,522,3223
0,1396,7675,5,5231,806,6.49007,6677,998,3751,5,806,5231,0.154081,452,3299
0,1397,7681,5,5231,806,6.49007,6683,998,3757,5,806,5231,0.154081,393,3364
0,1398,7687,5,5231,806,6.49007,6689,998,3763,5,806,5231,0.154081,397,3366
0,1399,7693,5,5231,806,6.49007,6709,984,3769,5,806,5231,0.154081,345,3424
0,1400,7699,5,5231,806,6.49007,6715,984,3775,5,806,5231,0.154081,314,3461
0,1401,7705,5,5231,806,6.49007,6721,984,3781,5,806,5231,0.154081,347,3434
0,1402,7711,5,5231,806,6.49007,6727,984,3787,5,806,5231,0.154081,305,3482
0,1403,7717,5,5231,806,6.49007,6733,984,3793,5,806,5231,0.154081,267,3526
0,1404,7723,5,5231,806,6.49007,6739,984,3799,5,806,5231,0.154081,235,3564
0,1405,7729,5,5231,806,6.49007,6745,984,3805,5,806,5231,0.154081,208,3597
0,1406,7735,5,5231,806,6.49007,6751,984,3811,5,806,5231,0.154081,197,3614
0,1407,7741,5,5231,806,6.49007,6757,984,3817,5,806,5231,0.154081,176,3641
0,1408,7747,5,5231,806,6.49007,6763,984,3823,5,806,5231,0.154081,159,3664
0,1409,7753,5,5231,806,6.49007,6769,984,3829,5,806,5231,0.154081,143,3686
0,1410,7759,5,5231,806,6.49007,6775,984,3835,5,806,5231,0.154081,131,3704
0,1411,7765,5,5231,806,6.49007,6781,984,3841,5,806,5231,0.154081,119,3722
0,1412,7771,5,5231,806,6.49007,6787,984,3847,5,806,5231,0.154081,122,3725
0,1413,7777,5,5231,806,6.49007,6793,984,3853,5,806,5231,0.154081,112,3741
0,1414,7783,5,5231,806,6.49007,6799,984,3859,5,806,5231,0.154081,104,3755
0,1415,7789,5,5231,806,6.49007,6805,984,3865,5,806,5231,0.154081,97,3768
0,1416,7795,5,5231,806,6.49007,6811,984,3871,5,806,5231,0.154081,146,3725
0,1417,7801,5,5231,806,6.49007,6817,984,3877,5,806,5231,0.154081,132,3745
0,1418,7807,5,5231,806,6.49007,6823,984,3883,5,806,5231,0.154081,133,3750
0,1419,7813,5,5231,806,6.49007,6829,984,3889,5,806,5231,0.154081,193,3696
0,1420,7819,5,5231,806,6.49007,6835,984,3895,5,806,5231,0.154081,174,3721
0,1421,7825,5,5231,806,6.49007,6841,984,3901,5,806,5231,0.154081,156,3745
0,1422,7831,5,5231,806,6.49007,6847,984,3907,5,806,5231,0.154081,141,3766
0,1423,7837,5,5231,806,6.49007,6853,984,3913,5,806,5231,0.154081,128,3785
0,1424,7843,5,5231,806,6.49007,6859,984,3919,5,806,5231,0.154081,129,3790
0,1425,7849,5,5231,806,6.49007,6865,984,3925,5,806,5231,0.154081,119,3806
0,1426,7855,5,5231,806,6.49007,6871,984,3931,5,806,5231,0.154081,111,3820
0,1427,7861,5,5231,806,6.49007,6877,984,3937,5,806,5231,0.154081,103,3834
0,1428,7867,5,5231,806,6.49007,6883,984,3943,5,806,5231,0.154081,97,3846
0,1429,7873,5,5231,806,6.49007,6889,984,3949,5,806,5231,0.154081,343,3606
0,1430,7879,5,5231,806,6.49007,6895,984,3955,5,806,5231,0.154081,313,3642
0,1431,7885,5,5231,806,6.49007,6901,984,3961,5,806,5231,0.154081,274,3687
0,1432,7891,5,5231,806,6.49007,6907,984,3967,5,806,5231,0.154081,241,3726
0,1433,7897,5,5231,806,6.49007,6913,984,3973,5,806,5231,0.154081,214,3759
0,1434,7903,5,5231,806,6.49007,6919,984,3979,5,806,5231,0.154081,245,3734
0,1435,7909,5,5231,806,6.49007,6925,984,3985,5,806,5231,0.154081,216,3769
0,1436,7915,5,5231,806,6.49007,6931,984,3991,5,806,5231,0.154081,205,3786
0,1437,7921,5,5231,806,6.49007,6937,984,3997,5,806,5231,0.154081,255,3742
0,1438,7927,5,5231,806,6.49007,6943,984,4003,5,806,5231,0.154081,226,3777
0,1439,7933,5,5231,806,6.49007,6949,984,4009,5,806,5231,0.154081,200,3809
0,1440,7939,5,5231,806,6.49007,6955,984,4015,5,806,5231,0.154081,178,3837
0,1441,7945,5,5231,806,6.49007,6961,984,4021,5,806,5231,0.154081,160,3861
0,1442,7951,5,5231,806,6.49007,6967,984,4027,5,806,5231,0.154081,157,3870
0,1443,7957,5,5231,806,6.49007,6973,984,4033,5,806,5231,0.154081,142,3891
0,1444,7963,5,5231,806,6.49007,6979,984,4039,5,806,5231,0.154081,130,3909
0,1445,7969,5,5231,806,6.49007,6985,984,4045,5,806,5231,0.154081,119,3926
0,1446,7975,5,5231,806,6.49007,6991,984,4051,5,806,5231,0.154081,212,3839
0,1447,7981,5,5231,806,6.49007,6997,984,4057,5,806,5231,0.154081,188,3869
0,1448,7987,5,5231,806,6.49007,7003,984,4063,5,806,5231,0.154081,181,3882
0,1449,7993,5,5231,806,6.49007,7009,984,4069,5,806,5231,0.154081,162,3907
0,1450,7999,5,5231,806,6.49007,7015,984,4075,5,806,5231,0.154081,146,3929
0,1451,8005,5,5231,806,6.49007,7021,984,4081,5,806,5231,0.154081,133,3948
0,1452,8011,5,5231,806,6.49007,7027,984,4087,5,806,5231,0.154081,176,3911
0,1453,8017,5,5231,806,6.49007,7033,984,4093,5,806,5231,0.154081,157,3936
0,1454,8023,5,5231,806,6.49007,7039,984,4099,5,806,5231,0.154081,154,3945
0,1455,8029,5,5231,806,6.49007,7045,984,4105,5,806,5231,0.154081,211,3894
0,1456,8035,5,5231,806,6.49007,7051,984,4111,5,806,5231,0.154081,189,3922
0,1457,8041,5,5231,806,6.49007,7057,984,4117,5,806,5231,0.154081,169,3948
0,1458,8047,5,5231,806,6.49007,7063,984,4123,5,806,5231,0.154081,152,3971
0,1459,8053,5,5231,806,6.49007,7069,984,4129,5,806,5231,0.154081,138,3991
0,1460,8059,5,5231,806,6.49007,7075,984,4135,5,806,5231,0.154081,138,3997
0,1461,8065,5,5231,806,6.49007,7081,984,4141,5,806,5231,0.154081,126,4015
0,1462,8071,5,5231,806,6.49007,7087,984,4147,5,806,5231,0.154081,116,4031
0,1463,8077,5,5231,806,6.49007,7093,984,4153,5,806,5231,0.154081,197,3956
0,1464,8083,5,5231,806,6.49007,6991,1092,4159,5,806,5231,0.154081,176,3983
0,1465,8089,5,5231,806,6.49007,6997,1092,4165,5,806,5231,0.154081,158,4007
0,1466,8095,5,5231,806,6.49007,7003,1092,4171,5,806,5231,0.154081,155,4016
0,1467,8101,5,5231,806,6.49007,7009,1092,4177,5,806,5231,0.154081,140,4037
0,1468,8107,5,5231,806,6.49007,7015,1092,4183,5,806,5231,0.154081,127,4056
0,1469,8113,5,5231,806,6.49007,7021,1092,4189,5,806,5231,0.154081,117,4072
0,1470,8119,5,5231,806,6.49007,7027,1092,4195,5,806,5231,0.154081,163,4032
0,1471,8125,5,5231,806,6.49007,7033,1092,4201,5,806,5231,0.154081,146,4055
0,1472,8131,5,5231,806,6.49007,7039,1092,4207,5,806,5231,0.154081,145,4062
0,1473,8137,5,5231,806,6.49007,7045,1092,4213,5,806,5231,0.154081,204,4009
0,1474,8143,5,5231,806,6.49007,7051,1092,4219,5,806,5231,0.154081,183,4036
0,1475,8149,5,5231,806,6.49007,7057,1092,4225,5,806,5231,0.154081,164,4061
0,1476,8155,5,5231,806,6.49007,7063,1092,4231,5,806,5231,0.154081,148,4083
0,1477,8161,5,5231,806,6.49007,7069,1092,4237,5,806,5231,0.154081,134,4103
0,1478,8167,5,5231,806,6.49007,7075,1092,4243,5,806,5231,0.154081,134,4109
0,1479,8173,5,5231,806,6.49007,7081,1092,4249,5,806,5231,0.154081,123,4126
0,1480,8179,5,5231,806,6.49007,7087,1092,4255,5,806,5231,0.154081,114,4141
0,1481,8185,5,5231,806,6.49007,7093,1092,4261,5,806,5231,0.154081,195,4066
0,1482,8191,5,5231,806,6.49007,7099,1092,4267,5,806,5231,0.154081,175,4092
0,1483,8197,5,5231,806,6.49007,7105,1092,4273,5,806,5231,0.154081,157,4116
0,1484,8203,5,5231,806,6.49007,7111,1092,4279,5,806,5231,0.154081,155,4124
0,1485,8209,5,5231,806,6.49007,7117,1092,4285,5,806,5231,0.154081,140,4145
0,1486,8215,5,5231,806,6.49007,7123,1092,4291,5,806,5231,0.154081,127,4164
0,1487,8221,5,5231,806,6.49007,7129,1092,4297,5,806,5231,0.154081,117,4180
0,1488,8227,5,5231,806,6.49007,7135,1092,4303,5,806,5231,0.154081,163,4140
0,1489,8233,5,5231,806,6.49007,7141,1092,4309,5,806,5231,0.154081,146,4163
0,1490,8239,5,5231,806,6.49007,7147,1092,4315,5,806,5231,0.154081,145,4170
0,1491,8245,5,5231,806,6.49007,7153,1092,4321,5,806,5231,0.154081,204,4117
0,1492,8251,5,5231,806,6.49007,7159,1092,4327,5,806,5231,0.154081,183,4144
0,1493,8257,5,5231,806,6.49007,7165,1092,4333,5,806,5231,0.154081,164,4169
0,1494,8263,5,5231,806,6.49007,7171,1092,4339,5,806,5231,0.154081,148,4191
0,1495,8269,5,5231,806,6.49007,7177,1092,4345,5,806,5231,0.154081,134,4211
0,1496,8275,5,5231,806,6.49007,7183,1092,4351,5,806,5231,0.154081,134,4217
0,1497,8281,5,5231,806,6.49007,7189,1092,4357,5,806,5231,0.154081,123,4234
0,1498,8287,5,5231,806,6.49007,7195,1092,4363,5,806,5231,0.154081,114,4249
0,1499,8293,5,5231,806,6.49007,7201,1092,4369,5,806,5231,0.154081,195,4174
0,1500,8299,5,5231,806,6.49007,7207,1092,4375,5,806,5231,0.154081,175,4200
0,1501,8305,5,5231,806,6.49007,7121,1184,4381,5,806,5231,0.154081,157,4224
0,1502,8311,5,5231,806,6.49007,7127,1184,4387,5,806,5231,0.154081,155,4232
0,1503,8317,5,5231,806,6.49007,7133,1184,4393,5,806,5231,0.154081,140,4253
0,1504,8323,5,5231,806,6.49007,7139,1184,4399,5,806,5231,0.154081,127,4272
0,1505,8329,5,5231,806,6.49007,7145,1184,4405,5,806,5231,0.154081,117,4288
0,1506,8335,5,5231,806,6.49007,7151,1184,4411,5,806,5231,0.154081,163,4248
0,1507,8341,5,5231,806,6.49007,7157,1184,4417,5,806,5231,0.154081,146,4271
0,1508,8347,5,5231,806,6.49007,7163,1184,4423,5,806,5231,0.154081,145,4278
0,1509,8353,5,5231,806,6.49007,7169,1184,4429,5,806,5231,0.154081,204,4225
0,1510,8359,5,5231,806,6.49007,7175,1184,4435,5,806,5231,0.154081,183,4252
0,1511,8365,5,5231,806,6.49007,7181,1184,4441,5,806,5231,0.154081,164,4277
0,1512,8371,5,5231,806,6.49007,7187,1184,4447,5,806,5231,0.154081,148,4299
0,1513,8377,5,5231,806,6.49007,7193,1184,4453,5,806,5231,0.154081,134,4319
0,1514,8383,5,5231,806,6.49007,7199,1184,4459,5,806,5231,0.154081,134,4325
0,1515,8389,5,5231,806,6.49007,7205,1184,4465,5,806,5231,0.154081,123,4342
0,1516,8395,5,5231,806,6.49007,7211,1184,4471,5,806,5231,0.154081,114,4357
0,1517,8401,5,5231,806,6.49007,7217,1184,4477,5,806,5231,0.154081,195,4282
0,1518,8407,5,5231,806,6.49007,7209,1198,4483,5,806,5231,0.154081,175,4308
0,1519,8413,5,5231,806,6.49007,7215,1198,4489,5,806,5231,0.154081,157,4332
0,1520,8419,5,5231,806,6.49007,7155,1264,4495,5,806,5231,0.154081,155,4340
0,1521,8425,5,5231,806,6.49007,7161,1264,4501,5,806,5231,0.154081,140,4361
0,1522,8431,5,5231,806,6.49007,7167,1264,4507,5,806,5231,0.154081,127,4380
0,1523,8437,5,5231,806,6.49007,7173,1264,4513,5,806,5231,0.154081,117,4396
0,1524,8443,5,5231,806,6.49007,7179,1264,4519,5,806,5231,0.154081,163,4356
0,1525,8449,5,5231,806,6.49007,7185,1264,4525,5,806,5231,0.154081,146,4379
0,1526,8455,5,5231,806,6.49007,7191,1264,4531,5,806,5231,0.154081,145,4386
0,1527,8461,5,5231,806,6.49007,7197,1264,4537,5,806,5231,0.154081,204,4333
0,1528,8467,5,5231,806,6.49007,7173,1294,4543,5,806,5231,0.154081,183,4360
0,1529,8473,5,5231,806,6.49007,7179,1294,4549,5,806,5231,0.154081,164,4385
0,1530,8479,5,5231,806,6.49007,7185,1294,4555,5,806,5231,0.154081,148,4407
0,1531,8485,5,5231,806,6.49007,7191,1294,4561,5,806,5231,0.154081,134,4427
0,1532,8491,5,5231,806,6.49007,7197,1294,4567,5,806,5231,0.154081,134,4433
0,1533,8497,5,5231,806,6.49007,7184,1313,4573,5,806,5231,0.154081,123,4450
0,1534,8503,5,5231,806,6.49007,7190,1313,4579,5,806,5231,0.154081,114,4465
0,1535,8509,5,5231,806,6.49007,7196,1313,4585,5,806,5231,0.154081,195,4390
0,1536,8515,5,5231,806,6.49007,7096,1419,4591,5,806,5231,0.154081,175,4416
0,1537,8521,5,5231,806,6.49007,7102,1419,4597,5,806,5231,0.154081,1160,3437
0,1538,8527,5,5231,806,6.49007,6025,2502,4603,5,806,5231,0.154081,387,4216
0,1539,8533,5,5231,806,6.49007,7450,1083,4609,5,806,5231,0.154081,337,4272
0,1540,8539,5,5231,806,6.49007,7456,1083,4615,5,806,5231,0.154081,295,4320
0,1541,8545,5,5231,806,6.49007,7462,1083,4621,5,806,5231,0.154081,259,4362
0,1542,8551,5,5231,806,6.49007,7468,1083,4627,5,806,5231,0.154081,283,4344
0,1543,8557,5,5231,806,6.49007,7474,1083,4633,5,806,5231,0.154081,248,4385
0,1544,8563,5,5231,806,6.49007,7480,1083,4639,5,806,5231,0.154081,232,4407
0,1545,8569,5,5231,806,6.49007,7486,1083,4645,5,806,5231,0.154081,278,4367
0,1546,8575,5,5231,806,6.49007,7492,1083,4651,5,806,5231,0.154081,246,4405
0,1547,8581,5,5231,806,6.49007,7498,1083,4657,5,806,5231,0.154081,217,4440
0,1548,8587,5,5231,806,6.49007,7504,1083,4663,5,806,5231,0.154081,193,4470
0,1549,8593,5,5231,806,6.49007,7510,1083,4669,5,806,5231,0.154081,172,4497
0,1550,8599,5,5231,806,6.49007,7516,1083,4675,5,806,5231,0.154081,167,4508
0,1551,8605,5,5231,806,6.49007,7522,1083,4681,5,806,5231,0.154081,151,4530
0,1552,8611,5,5231,806,6.49007,7528,1083,4687,5,806,5231,0.154081,138,4549
0,1553,8617,5,5231,806,6.49007,7534,1083,4693,5,806,5231,0.154081,215,4478
0,1554,8623,5,5231,806,6.49007,7540,1083,4699,5,806,5231,0.154081,192,4507
0,1555,8629,5,5231,806,6.49007,7546,1083,4705,5,806,5231,0.154081,171,4534
0,1556,8635,5,5231,806,6.49007,7552,1083,4711,5,806,5231,0.154081,167,4544
0,1557,8641,5,5231,806,6.49007,7558,1083,4717,5,806,5231,0.154081,150,4567
0,1558,8647,5,5231,806,6.49007,7564,1083,4723,5,806,5231,0.154081,136,4587
0,1559,8653,5,5231,806,6.49007,7570,1083,4729,5,806,5231,0.154081,124,4605
0,1560,8659,5,5231,806,6.49007,7576,1083,4735,5,806,5231,0.154081,169,4566
0,1561,8665,5,5231,806,6.49007,7582,1083,4741,5,806,5231,0.154081,151,4590
0,1562,8671,5,5231,806,6.49007,7588,1083,4747,5,806,5231,0.154081,149,4598
0,1563,8677,5,5231,806,6.49007,7594,1083,4753,5,806,5231,0.154081,207,4546
0,1564,8683,5,5231,806,6.49007,7600,1083,4759,5,806,5231,0.154081,186,4573
0,1565,8689,5,5231,806,6.49007,7606,1083,4765,5,806,5231,0.154081,166,4599
0,1566,8695,5,5231,806,6.49007,7612,1083,4771,5,806,5231,0.154081,150,4621
0,1567,8701,5,5231,806,6.49007,7618,1083,4777,5,806,5231,0.154081,136,4641
0,1568,8707,5,5231,806,6.49007,7624,1083,4783,5,806,5231,0.154081,136,4647
0,1569,8713,5,5231,806,6.49007,7630,1083,4789,5,806,5231,0.154081,124,4665
0,1570,8719,5,5231,806,6.49007,7636,1083,4795,5,806,5231,0.154081,115,4680
0,1571,8725,5,5231,806,6.49007,7642,1083,4801,5,806,5231,0.154081,196,4605
0,1572,8731,5,5231,806,6.49007,7648,1083,4807,5,806,5231,0.154081,176,4631
0,1573,8737,5,5231,806,6.49007,7654,1083,4813,5,806,5231,0.154081,158,4655
0,1574,8743,5,5231,806,6.49007,7660,1083,4819,5,806,5231,0.154081,155,4664
0,1575,8749,5,5231,806,6.49007,7666,1083,4825,5,806,5231,0.154081,140,4685
0,1576,8755,5,5231,806,6.49007,7672,1083,4831,5,806,5231,0.154081,127,4704
0,1577,8761,5,5231,806,6.49007,7678,1083,4837,5,806,5231,0.154081,117,4720
0,1578,8767,5,5231,806,6.49007,7684,1083,4843,5,806,5231,0.154081,163,4680
0,1579,8773,5,5231,806,6.49007,7690,1083,4849,5,806,5231,0.154081,146,4703
0,1580,8779,5,5231,806,6.49007,7696,1083,4855,5,806,5231,0.154081,145,4710
0,1581,8785,5,5231,806,6.49007,7702,1083,4861,5,806,5231,0.154081,204,4657
0,1582,8791,5,5231,806,6.49007,7708,1083,4867,5,806,5231,0.154081,183,4684
0,1583,8797,5,5231,806,6.49007,7714,1083,4873,5,806,5231,0.154081,164,4709
0,1584,8803,5,5231,806,6.49007,7720,1083,4879,5,806,5231,0.154081,148,4731
0,1585,8809,5,5231,806,6.49007,7726,1083,4885,5,806,5231,0.154081,134,4751
0,1586,8815,5,5231,806,6.49007,7732,1083,4891,5,806,5231,0.154081,134,4757
0,1587,8821,5,5231,806,6.49007,7738,1083,4897,5,806,5231,0.154081,123,4774
0,1588,8827,5,5231,806,6.49007,7744,1083,4903,5,806,5231,0.154081,114,4789
0,1589,8833,5,5231,806,6.49007,7750,1083,4909,5,806,5231,0.154081,195,4714
0,1590,8839,5,5231,806,6.49007,7756,1083,4915,5,806,5231,0.154081,175,4740
0,1591,8845,5,5231,806,6.49007,7762,1083,4921,5,806,5231,0.154081,157,4764
0,1592,8851,5,5231,806,6.49007,7768,1083,4927,5,806,5231,0.154081,155,4772
0,1593,8857,5,5231,806,6.49007,7774,1083,4933,5,806,5231,0.154081,140,4793
0,1594,8863,5,5231,806,6.49007,7780,1083,4939,5,806,5231,0.154081,127,4812
0,1595,8869,5,5231,806,6.49007,7786,1083,4945,5,806,5231,0.154081,117,4828
0,1596,8875,5,5231,806,6.49007,7792,1083,4951,5,806,5231,0.154081,163,4788
0,1597,8881,5,5231,806,6.49007,7798,1083,4957,5,806,5231,0.154081,146,4811
0,1598,8887,5,5231,806,6.49007,7804,1083,4963,5,806,5231,0.154081,145,4818
0,1599,8893,5,5231,806,6.49007,7810,1083,4969,5,806,5231,0.154081,204,4765
0,1600,8899,5,5231,806,6.49007,7816,1083,4975,5,806,5231,0.154081,183,4792
0,1601,8905,5,5231,806,6.49007,7822,1083,4981,5,806,5231,0.154081,164,4817
0,1602,8911,5,5231,806,6.49007,7828,1083,4987,5,806,5231,0.154081,148,4839
0,1603,8917,5,5231,806,6.49007,7834,1083,4993,5,806,5231,0.154081,134,4859
0,1604,8923,5,5231,806,6.49007,7840,1083,4999,5,806,5231,0.154081,134,4865
0,1605,8929,5,5231,806,6.49007,7846,1083,5005,5,806,5231,0.154081,123,4882
0,1606,8935,5,5231,806,6.49007,7852,1083,5011,5,806,5231,0.154081,114,4897
0,1607,8941,5,5231,806,6.49007,7858,1083,5017,5,806,5231,0.154081,195,4822
0,1608,8947,5,5231,806,6.49007,7864,1083,5023,5,806,5231,0.154081,175,4848
0,1609,8953,5,5231,806,6.49007,7870,1083,5029,5,806,5231,0.154081,157,4872
0,1610,8959,5,5231,806,6.49007,7876,1083,5035,5,806,5231,0.154081,155,4880
0,1611,8965,5,5231,806,6.49007,7812,1153,5041,5,806,5231,0.154081,140,4901
0,1612,8971,5,5231,806,6.49007,7818,1153,5047,5,806,5231,0.154081,127,4920
0,1613,8977,5,5231,806,6.49007,7824,1153,5053,5,806,5231,0.154081,117,4936
0,1614,8983,5,5231,806,6.49007,7830,1153,5059,5,806,5231,0.154081,163,4896
0,1615,8989,5,5231,806,6.49007,7836,1153,5065,5,806,5231,0.154081,146,4919
0,1616,8995,5,5231,806,6.49007,7842,1153,5071,5,806,5231,0.154081,145,4926
0,1617,9001,5,5231,806,6.49007,7848,1153,5077,5,806,5231,0.154081,204,4873
0,1618,9007,5,5231,806,6.49007,7854,1153,5083,5,806,5231,0.154081,183,4900
0,1619,9013,5,5231,806,6.49007,7860,1153,5089,5,806,5231,0.154081,164,4925
0,1620,9019,5,5231,806,6.49007,7866,1153,5095,5,806,5231,0.154081,148,4947
0,1621,9025,5,5231,806,6.49007,7872,1153,5101,5,806,5231,0.154081,134,4967
0,1622,9031,5,5231,806,6.49007,7878,1153,5107,5,806,5231,0.154081,134,4973
0,1623,9037,5,5231,806,6.49007,7884,1153,5113,5,806,5231,0.154081,123,4990
0,1624,9043,5,5231,806,6.49007,7890,1153,5119,5,806,5231,0.154081,114,5005
0,1625,9049,5,5231,806,6.49007,7896,1153,5125,5,806,5231,0.154081,195,4930
0,1626,9055,5,5231,806,6.49007,7866,1189,5131,5,806,5231,0.154081,175,4956
0,1627,9061,5,5231,806,6.49007,7872,1189,5137,5,806,5231,0.154081,157,4980
0,1628,9067,5,5231,806,6.49007,7878,1189,5143,5,806,5231,0.154081,155,4988
0,1629,9073,5,5231,806,6.49007,7884,1189,5149,5,806,5231,0.154081,140,5009
0,1630,9079,5,5231,806,6.49007,7890,1189,5155,5,806,5231,0.154081,127,5028
0,1631,9085,5,5231,806,6.49007,7896,1189,5161,5,806,5231,0.154081,117,5044
0,1632,9091,5,5231,806,6.49007,7902,1189,5167,5,806,5231,0.154081,163,5004
0,1633,9097,5,5231,806,6.49007,7908,1189,5173,5,806,5231,0.154081,146,5027
0,1634,9103,5,5231,806,6.49007,7914,1189,5179,5,806,5231,0.154081,145,5034
0,1635,9109,5,5231,806,6.49007,7920,1189,5185,5,806,5231,0.154081,204,4981
0,1636,9115,5,5231,806,6.49007,7926,1189,5191,5,806,5231,0.154081,183,5008
0,1637,9121,5,5231,806,6.49007,7932,1189,5197,5,806,5231,0.154081,164,5033
0,1638,9127,5,5231,806,6.49007,7938,1189,5203,5,806,5231,0.154081,148,5055
0,1639,9133,5,5231,806,6.49007,7944,1189,5209,5,806,5231,0.154081,134,5075
0,1640,9139,5,5231,806,6.49007,7950,1189,5215,5,806,5231,0.154081,134,5081
0,1641,9145,5,5231,806,6.49007,7956,1189,5221,5,806,5231,0.154081,123,5098
0,1642,9151,5,5231,806,6.49007,7962,1189,5227,5,806,5231,0.154081,114,5113
0,1643,9157,5,5231,806,6.49007,7968,1189,5233,5,806,5231,0.154081,195,5038
0,1644,9163,5,5231,806,6.49007,7974,1189,5239,5,806,5231,0.154081,175,5064
0,1645,9169,5,5231,806,6.49007,7924,1245,5245,5,806,5231,0.154081,157,5088
0,1646,9175,5,5231,806,6.49007,7930,1245,5251,5,806,5231,0.154081,155,5096
0,1647,9181,5,5231,806,6.49007,7936,1245,5257,5,806,5231,0.154081,140,5117
0,1648,9187,5,5231,806,6.49007,7942,1245,5263,5,806,5231,0.154081,127,5136
0,1649,9193,5,5231,806,6.49007,7948,1245,5269,5,806,5231,0.154081,117,5152
0,1650,9199,5,5231,806,6.49007,7954,1245,5275,5,806,5231,0.154081,163,5112
0,1651,9205,5,5231,806,6.49007,7960,1245,5281,5,806,5231,0.154081,146,5135
0,1652,9211,5,5231,806,6.49007,7966,1245,5287,5,806,5231,0.154081,145,5142
0,1653,9217,5,5231,806,6.49007,7972,1245,5293,5,806,5231,0.154081,204,5089
0,1654,9223,5,5231,806,6.49007,7978,1245,5299,5,806,5231,0.154081,183,5116
0,1655,9229,5,5231,806,6.49007,7984,1245,5305,5,806,5231,0.154081,164,5141
0,1656,9235,5,5231,806,6.49007,7990,1245,5311,5,806,5231,0.154081,148,5163
0,1657,9241,5,5231,806,6.49007,7996,1245,5317,5,806,5231,0.154081,134,5183
0,1658,9247,5,5231,806,6.49007,8002,1245,5323,5,806,5231,0.154081,134,5189
0,1659,9253,5,5231,806,6.49007,8008,1245,5329,5,806,5231,0.154081,123,5206
0,1660,9259,5,5231,806,6.49007,8014,1245,5335,5,806,5231,0.154081,114,5221
0,1661,9265,5,5231,806,6.49007,8020,1245,5341,5,806,5231,0.154081,195,5146
0,1662,9271,5,5231,806,6.49007,7976,1295,5347,5,806,5231,0.154081,175,5172
0,1663,9277,5,5231,806,6.49007,7940,1337,5353,5,806,5231,0.154081,157,5196
0,1664,9283,5,5231,806,6.49007,7946,1337,5359,5,806,5231,0.154081,155,5204
0,1665,9289,5,5231,806,6.49007,7952,1337,5365,5,806,5231,0.154081,140,5225
0,1666,9295,5,5231,806,6.49007,7958,1337,5371,5,806,5231,0.154081,127,5244
0,1667,9301,5,5231,806,6.49007,7964,1337,5377,5,806,5231,0.154081,117,5260
0,1668,9307,5,5231,806,6.49007,7970,1337,5383,5,806,5231,0.154081,163,5220
0,1669,9313,5,5231,806,6.49007,7976,1337,5389,5,806,5231,0.154081,146,5243
0,1670,9319,5,5231,806,6.49007,7982,1337,5395,5,806,5231,0.154081,145,5250
0,1671,9325,5,5231,806,6.49007,7988,1337,5401,5,806,5231,0.154081,204,5197
0,1672,9331,5,5231,806,6.49007,7964,1367,5407,5,806,5231,0.154081,183,5224
0,1673,9337,5,5231,806,6.49007,7970,1367,5413,5,806,5231,0.154081,164,5249
0,1674,9343,5,5231,806,6.49007,7976,1367,5419,5,806,5231,0.154081,148,5271
0,1675,9349,5,5231,806,6.49007,7982,1367,5425,5,806,5231,0.154081,134,5291
0,1676,9355,5,5231,806,6.49007,7988,1367,5431,5,806,5231,0.154081,134,5297
0,1677,9361,5,5231,806,6.49007,7975,1386,5437,5,806,5231,0.154081,123,5314
0,1678,9367,5,5231,806,6.49007,7981,1386,5443,5,806,5231,0.154081,114,5329
0,1679,9373,5,5231,806,6.49007,7987,1386,5449,5,806,5231,0.154081,195,5254
0,1680,9379,5,5231,806,6.49007,7887,1492,5455,5,806,5231,0.154081,175,5280
0,1681,9385,5,5231,806,6.49007,7893,1492,5461,5,806,5231,0.154081,157,5304
0,1682,9391,5,5231,806,6.49007,7819,1572,5467,5,806,5231,0.154081,155,5312
0,1683,9387,4,5255,815,6.44785,7745,1642,5449,5,815,5255,0.15509,1334,4115
0,1684,9384,4,5296,823,6.43499,8190,1194,5414,5,823,5296,0.1554,1299,4115
0,1685,9382,4,5336,830,6.42892,7042,2340,5380,5,830,5336,0.155547,1248,4132
0,1686,9380,4,5377,837,6.42413,5944,3436,5345,5,837,5377,0.155663,1252,4093
0,1687,9378,4,5418,844,6.41943,4896,4482,5310,5,844,5418,0.155777,3030,2280
0,1688,9377,4,5458,850,6.42118,4165,5212,5276,5,850,5458,0.155735,2707,2569
0,1689,9376,4,5499,856,6.42407,4159,5217,5241,5,856,5499,0.155665,2418,2823
0,1690,9376,4,5539,861,6.43322,4154,5222,5207,5,861,5539,0.155443,2158,3049
0,1691,9376,4,5580,866,6.44342,4149,5227,5172,5,866,5580,0.155197,1929,3243
0,1692,9377,4,5620,870,6.45977,4145,5232,5138,5,870,5620,0.154804,1730,3408
0,1693,9377,4,5661,875,6.46971,4140,5237,5103,5,875,5661,0.154566,1570,3533
0,1694,9379,4,5701,878,6.49317,4137,5242,5069,5,878,5701,0.154008,1430,3639
0,1695,9380,4,5742,882,6.5102,4133,5247,5034,5,882,5742,0.153605,1293,3741
0,1696,9382,4,5782,885,6.53333,4130,5252,5000,5,885,5782,0.153061,1172,3828
0,1697,9385,4,5823,887,6.56483,4128,5257,4965,5,887,5823,0.152327,1125,3840
0,1698,9388,4,5864,889,6.59618,4126,5262,4930,5,889,5864,0.151603,1032,3898
0,1699,9391,4,5904,891,6.62626,4124,5267,4896,5,891,5904,0.150915,933,3963
0,1700,9395,4,5945,892,6.6648,4123,5272,4861,5,892,5945,0.150042,869,3992
0,1701,9399,4,5985,893,6.70213,4122,5277,4827,5,893,5985,0.149206,876,3951
0,1702,9403,4,6026,894,6.74049,4121,5282,4792,5,894,6026,0.148357,782,4010
0,1703,9408,4,6067,894,6.78635,4121,5287,4757,5,894,6067,0.147355,696,4061
0,1704,9413,4,6107,894,6.8311,4121,5292,4723,5,894,6107,0.146389,672,4051
0,1705,9418,4,6148,894,6.87696,4121,5297,4688,5,894,6148,0.145413,590,4098
0,1706,9423,4,6189,894,6.92282,4121,5302,4653,5,894,6189,0.14445,527,4126
0,1707,9428,4,6230,894,6.96868,4121,5307,4618,5,894,6230,0.143499,563,4055
0,1708,9433,4,6271,894,7.01454,4121,5312,4583,5,894,6271,0.142561,496,4087
0,1709,9438,4,6311,894,7.05928,4121,5317,4549,5,894,6311,0.141657,434,4115
0,1710,9443,4,6352,894,7.10515,4121,5322,4514,5,894,6352,0.140743,374,4140
0,1711,9448,4,6393,894,7.15101,4126,5322,4479,5,894,6393,0.13984,316,4163
0,1712,9453,4,6434,894,7.19687,4131,5322,4444,5,894,6434,0.138949,273,4171
0,1713,9458,4,6475,894,7.24273,4136,5322,4409,5,894,6475,0.138069,218,4191
0,1714,9463,4,6516,894,7.28859,4141,5322,4374,5,894,6516,0.137201,284,4090
0,1715,9468,4,6557,894,7.33445,4146,5322,4339,5,894,6557,0.136343,306,4033
0,1716,9474,5,6558,894,7.33557,4152,5322,4344,5,894,6558,0.136322,268,4076
0,1717,9480,5,6558,894,7.33557,4047,5433,4350,5,894,6558,0.136322,236,4114
0,1718,9486,5,6558,894,7.33557,4053,5433,4356,5,894,6558,0.136322,221,4135
0,1719,9492,5,6558,894,7.33557,4059,5433,4362,5,894,6558,0.136322,268,4094
0,1720,9498,5,6558,894,7.33557,4065,5433,4368,5,894,6558,0.136322,237,4131
0,1721,9504,5,6558,894,7.33557,4071,5433,4374,5,894,6558,0.136322,210,4164
0,1722,9510,5,6558,894,7.33557,4077,5433,4380,5,894,6558,0.136322,241,4139
0,1723,9516,5,6558,894,7.33557,4083,5433,4386,5,894,6558,0.136322,212,4174
0,1724,9522,5,6558,894,7.33557,4089,5433,4392,5,894,6558,0.136322,201,4191
0,1725,9528,5,6558,894,7.33557,4095,5433,4398,5,894,6558,0.136322,180,4218
0,1726,9534,5,6558,894,7.33557,4101,5433,4404,5,894,6558,0.136322,162,4242
0,1727,9540,5,6558,894,7.33557,4107,5433,4410,5,894,6558,0.136322,147,4263
0,1728,9546,5,6558,894,7.33557,4113,5433,4416,5,894,6558,0.136322,134,4282
0,1729,9552,5,6558,894,7.33557,4119,5433,4422,5,894,6558,0.136322,122,4300
0,1730,9558,5,6558,894,7.33557,4125,5433,4428,5,894,6558,0.136322,124,4304
0,1731,9564,5,6558,894,7.33557,4131,5433,4434,5,894,6558,0.136322,114,4320
0,1732,9570,5,6558,894,7.33557,4137,5433,4440,5,894,6558,0.136322,106,4334
0,1733,9576,5,6558,894,7.33557,4143,5433,4446,5,894,6558,0.136322,189,4257
0,1734,9582,5,6558,894,7.33557,4149,5433,4452,5,894,6558,0.136322,169,4283
0,1735,9588,5,6558,894,7.33557,4155,5433,4458,5,894,6558,0.136322,152,4306
0,1736,9594,5,6558,894,7.33557,4161,5433,4464,5,894,6558,0.136322,150,4314
0,1737,9600,5,6558,894,7.33557,4167,5433,4470,5,894,6558,0.136322,208,4262
0,1738,9606,5,6558,894,7.33557,4173,5433,4476,5,894,6558,0.136322,186,4290
0,1739,9612,5,6558,894,7.33557,4179,5433,4482,5,894,6558,0.136322,168,4314
0,1740,9618,5,6558,894,7.33557,4185,5433,4488,5,894,6558,0.136322,206,4282
0,1741,9624,5,6558,894,7.33557,4191,5433,4494,5,894,6558,0.136322,184,4310
0,1742,9630,5,6558,894,7.33557,4197,5433,4500,5,894,6558,0.136322,178,4322
0,1743,9636,5,6558,894,7.33557,4203,5433,4506,5,894,6558,0.136322,161,4345
0,1744,9642,5,6558,894,7.33557,4209,5433,4512,5,894,6558,0.136322,146,4366
0,1745,9648,5,6558,894,7.33557,4215,5433,4518,5,894,6558,0.136322,134,4384
0,1746,9654,5,6558,894,7.33557,4221,5433,4524,5,894,6558,0.136322,123,4401
0,1747,9660,5,6558,894,7.33557,4227,5433,4530,5,894,6558,0.136322,113,4417
0,1748,9666,5,6558,894,7.33557,4233,5433,4536,5,894,6558,0.136322,117,4419
0,1749,9672,5,6558,894,7.33557,4239,5433,4542,5,894,6558,0.136322,109,4433
0,1750,9678,5,6558,894,7.33557,4245,5433,4548,5,894,6558,0.136322,102,4446
0,1751,9684,5,6558,894,7.33557,4251,5433,4554,5,894,6558,0.136322,186,4368
0,1752,9690,5,6558,894,7.33557,4257,5433,4560,5,894,6558,0.136322,167,4393
0,1753,9696,5,6558,894,7.33557,4263,5433,4566,5,894,6558,0.136322,151,4415
0,1754,9702,5,6558,894,7.33557,4269,5433,4572,5,894,6558,0.136322,150,4422
0,1755,9708,5,6558,894,7.33557,4275,5433,4578,5,894,6558,0.136322,208,4370
0,1756,9714,5,6558,894,7.33557,4281,5433,4584,5,894,6558,0.136322,186,4398
0,1757,9720,5,6558,894,7.33557,4287,5433,4590,5,894,6558,0.136322,168,4422
0,1758,9726,5,6558,894,7.33557,4293,5433,4596,5,894,6558,0.136322,206,4390
0,1759,9732,5,6558,894,7.33557,4299,5433,4602,5,894,6558,0.136322,184,4418
0,1760,9738,5,6558,894,7.33557,4305,5433,4608,5,894,6558,0.136322,178,4430
0,1761,9744,5,6558,894,7.33557,4311,5433,4614,5,894,6558,0.136322,161,4453
0,1762,9750,5,6558,894,7.33557,4317,5433,4620,5,894,6558,0.136322,146,4474
0,1763,9756,5,6558,894,7.33557,4323,5433,4626,5,894,6558,0.136322,134,4492
0,1764,9762,5,6558,894,7.33557,4329,5433,4632,5,894,6558,0.136322,123,4509
0,1765,9768,5,6558,894,7.33557,4335,5433,4638,5,894,6558,0.136322,113,4525
0,1766,9774,5,6558,894,7.33557,4341,5433,4644,5,894,6558,0.136322,117,4527
0,1767,9780,5,6558,894,7.33557,4347,5433,4650,5,894,6558,0.136322,109,4541
0,1768,9786,5,6558,894,7.33557,4353,5433,4656,5,894,6558,0.136322,102,4554
0,1769,9792,5,6558,894,7.33557,4359,5433,4662,5,894,6558,0.136322,186,4476
0,1770,9798,5,6558,894,7.33557,4351,5447,4668,5,894,6558,0.136322,167,4501
0,1771,9804,5,6558,894,7.33557,4357,5447,4674,5,894,6558,0.136322,151,4523
0,1772,9810,5,6558,894,7.33557,4363,5447,4680,5,894,6558,0.136322,150,4530
0,1773,9816,5,6558,894,7.33557,4369,5447,4686,5,894,6558,0.136322,208,4478
0,1774,9822,5,6558,894,7.33557,4375,5447,4692,5,894,6558,0.136322,186,4506
0,1775,9828,5,6558,894,7.33557,4381,5447,4698,5,894,6558,0.136322,168,4530
0,1776,9834,5,6558,894,7.33557,4387,5447,4704,5,894,6558,0.136322,206,4498
0,1777,9840,5,6558,894,7.33557,4393,5447,4710,5,894,6558,0.136322,184,4526
0,1778,9846,5,6558,894,7.33557,4399,5447,4716,5,894,6558,0.136322,178,4538
0,1779,9852,5,6558,894,7.33557,4405,5447,4722,5,894,6558,0.136322,161,4561
0,1780,9858,5,6558,894,7.33557,4411,5447,4728,5,894,6558,0.136322,146,4582
0,1781,9864,5,6558,894,7.33557,4417,5447,4734,5,894,6558,0.136322,134,4600
0,1782,9870,5,6558,894,7.33557,4423,5447,4740,5,894,6558,0.136322,123,4617
0,1783,9876,5,6558,894,7.33557,4429,5447,4746,5,894,6558,0.136322,113,4633
0,1784,9882,5,6558,894,7.33557,4435,5447,4752,5,894,6558,0.136322,117,4635
0,1785,9888,5,6558,894,7.33557,4441,5447,4758,5,894,6558,0.136322,109,4649
0,1786,9894,5,6558,894,7.33557,4447,5447,4764,5,894,6558,0.136322,102,4662
0,1787,9900,5,6558,894,7.33557,4453,5447,4770,5,894,6558,0.136322,186,4584
0,1788,9906,5,6558,894,7.33557,4459,5447,4776,5,894,6558,0.136322,167,4609
0,1789,9912,5,6558,894,7.33557,4465,5447,4782,5,894,6558,0.136322,151,4631
0,1790,9918,5,6558,894,7.33557,4471,5447,4788,5,894,6558,0.136322,150,4638
0,1791,9924,5,6558,894,7.33557,4463,5461,4794,5,894,6558,0.136322,208,4586
0,1792,9930,5,6558,894,7.33557,4469,5461,4800,5,894,6558,0.136322,186,4614
0,1793,9936,5,6558,894,7.33557,4475,5461,4806,5,894,6558,0.136322,168,4638
0,1794,9942,5,6558,894,7.33557,4481,5461,4812,5,894,6558,0.136322,206,4606
0,1795,9948,5,6558,894,7.33557,4487,5461,4818,5,894,6558,0.136322,184,4634
0,1796,9954,5,6558,894,7.33557,4493,5461,4824,5,894,6558,0.136322,178,4646
0,1797,9960,5,6558,894,7.33557,4499,5461,4830,5,894,6558,0.136322,161,4669
0,1798,9966,5,6558,894,7.33557,4505,5461,4836,5,894,6558,0.136322,146,4690
0,1799,9972,5,6558,894,7.33557,4511,5461,4842,5,894,6558,0.136322,134,4708
0,1800,9978,5,6558,894,7.33557,4517,5461,4848,5,894,6558,0.136322,123,4725
0,1801,9984,5,6558,894,7.33557,4523,5461,4854,5,894,6558,0.136322,113,4741
0,1802,9990,5,6558,894,7.33557,4529,5461,4860,5,894,6558,0.136322,117,4743
0,1803,9996,5,6558,894,7.33557,4535,5461,4866,5,894,6558,0.136322,109,4757
0,1804,10002,5,6558,894,7.33557,4527,5475,4872,5,894,6558,0.136322,102,4770
0,1805,10008,5,6558,894,7.33557,4533,5475,4878,5,894,6558,0.136322,186,4692
0,1806,10014,5,6558,894,7.33557,4539,5475,4884,5,894,6558,0.136322,167,4717
0,1807,10020,5,6558,894,7.33557,4545,5475,4890,5,894,6558,0.136322,151,4739
0,1808,10026,5,6558,894,7.33557,4551,5475,4896,5,894,6558,0.136322,150,4746
0,1809,10032,5,6558,894,7.33557,4557,5475,4902,5,894,6558,0.136322,208,4694
0,1810,10038,5,6558,894,7.33557,4563,5475,4908,5,894,6558,0.136322,225,4683
0,1811,10044,5,6558,894,7.33557,4569,5475,4914,5,894,6558,0.136322,201,4713
0,1812,10050,5,6558,894,7.33557,4561,5489,4920,5,894,6558,0.136322,234,4686
0,1813,10056,5,6558,894,7.33557,4567,5489,4926,5,894,6558,0.136322,208,4718
0,1814,10062,5,6558,894,7.33557,4573,5489,4932,5,894,6558,0.136322,198,4734
0,1815,10068,5,6558,894,7.33557,4579,5489,4938,5,894,6558,0.136322,178,4760
0,1816,10074,5,6558,894,7.33557,4585,5489,4944,5,894,6558,0.136322,161,4783
0,1817,10080,5,6558,894,7.33557,4577,5503,4950,5,894,6558,0.136322,146,4804
0,1818,10086,5,6558,894,7.33557,4583,5503,4956,5,894,6558,0.136322,133,4823
0,1819,10092,5,6558,894,7.33557,4589,5503,4962,5,894,6558,0.136322,122,4840
0,1820,10098,5,6558,894,7.33557,4595,5503,4968,5,894,6558,0.136322,125,4843
0,1821,10104,5,6558,894,7.33557,4587,5517,4974,5,894,6558,0.136322,116,4858
0,1822,10110,5,6558,894,7.33557,4593,5517,4980,5,894,6558,0.136322,108,4872
0,1823,10116,5,6558,894,7.33557,4780,5336,4986,5,894,6558,0.136322,101,4885
0,1824,10122,5,6558,894,7.33557,4786,5336,4992,5,894,6558,0.136322,94,4898
0,1825,10124,4,6599,897,7.35674,4788,5336,4957,5,897,6599,0.13593,809,4148
0,1826,10126,4,6640,900,7.37778,4804,5322,4922,5,900,6640,0.135542,787,4135
0,1827,10129,4,6682,902,7.40798,4807,5322,4886,5,902,6682,0.13499,741,4145
0,1828,10131,4,6723,905,7.42873,4809,5322,4851,5,905,6723,0.134613,702,4149
0,1829,10135,4,6765,906,7.46689,4813,5322,4815,5,906,6765,0.133925,656,4159
0,1830,10138,4,6806,908,7.49559,4816,5322,4780,5,908,6806,0.133412,666,4114
0,1831,10142,4,6848,909,7.53355,4820,5322,4744,5,909,6848,0.132739,619,4125
0,1832,10147,4,6903,909,7.59406,6213,3934,4695,5,909,6903,0.131682,565,4130
0,1833,10152,4,6959,909,7.65567,7171,2981,4645,5,909,6959,0.130622,496,4149
0,1834,10157,4,7014,909,7.71617,8183,1974,4596,5,909,7014,0.129598,430,4166
0,1835,10162,4,7070,909,7.77778,9084,1078,4546,5,909,7070,0.128571,365,4181
0,1836,10167,4,7126,909,7.83938,8855,1312,4496,5,909,7126,0.127561,300,4196
0,1837,10172,4,7181,909,7.89989,8694,1478,4447,5,909,7181,0.126584,237,4210
0,1838,10177,4,7237,909,7.9615,8601,1576,4397,5,909,7237,0.125605,187,4210
0,1839,10176,4,7292,915,7.9694,8570,1606,4348,5,915,7292,0.12548,1203,3145
0,1840,10176,4,7347,920,7.98587,7526,2650,4299,5,920,7347,0.125221,1318,2981
0,1841,10176,4,7402,925,8.00216,6556,3620,4250,5,925,7402,0.124966,1233,3017
0,1842,10177,4,7456,929,8.02583,5652,4525,4202,5,929,7456,0.124598,1154,3048
0,1843,10178,4,7511,933,8.05037,5579,4599,4153,5,933,7511,0.124218,1079,3074
0,1844,10179,4,7566,937,8.07471,5575,4604,4104,5,937,7566,0.123844,1018,3086
0,1845,10182,4,7621,939,8.11608,5573,4609,4055,5,939,7621,0.123212,946,3109
0,1846,10184,4,7676,942,8.14862,5570,4614,4006,5,942,7676,0.12272,877,3129
0,1847,10188,4,7731,943,8.1983,5569,4619,3957,5,943,7731,0.121976,809,3148
0,1848,10192,4,7786,944,8.24788,5568,4624,3908,5,944,7786,0.121243,965,2943
0,1849,10196,4,7840,945,8.2963,5567,4629,3860,5,945,7840,0.120536,894,2966
0,1850,10201,4,7896,945,8.35556,5567,4634,3810,5,945,7896,0.119681,809,3001
0,1851,10206,4,7951,945,8.41376,5567,4639,3761,5,945,7951,0.118853,717,3044
0,1852,10211,4,8006,945,8.47196,5567,4644,3712,5,945,8006,0.118036,631,3081
0,1853,10216,4,8061,945,8.53016,5567,4649,3663,5,945,8061,0.117231,550,3113
0,1854,10221,4,8116,945,8.58836,5567,4654,3614,5,945,8116,0.116437,472,3142
0,1855,10226,4,8171,945,8.64656,5567,4659,3565,5,945,8171,0.115653,397,3168
0,1856,10231,4,8227,945,8.70582,5572,4659,3515,5,945,8227,0.114866,562,2953
0,1857,10236,4,8282,945,8.76402,5567,4669,3466,5,945,8282,0.114103,491,2975
0,1858,10241,4,8337,945,8.82222,5567,4674,3417,5,945,8337,0.11335,432,2985
0,1859,10246,4,8392,945,8.88042,5567,4679,3368,5,945,8392,0.112607,364,3004
0,1860,10251,4,8448,945,8.93968,5572,4679,3318,5,945,8448,0.111861,296,3022
0,1861,10256,4,8503,945,8.99788,5577,4679,3269,5,945,8503,0.111137,231,3038
0,1862,10261,4,8559,945,9.05714,5582,4679,3219,5,945,8559,0.11041,357,2862
0,1863,10266,4,8614,945,9.11534,5587,4679,3170,5,945,8614,0.109705,267,2903
0,1864,10272,5,8623,945,9.12487,5593,4679,3167,5,945,8623,0.109591,768,2399
0,1865,10278,5,8623,945,9.12487,5044,5234,3173,5,945,8623,0.109591,770,2403
0,1866,10284,5,8623,945,9.12487,5050,5234,3179,5,945,8623,0.109591,718,2461
0,1867,10290,5,8623,945,9.12487,5056,5234,3185,5,945,8623,0.109591,619,2566
0,1868,10296,5,8623,945,9.12487,5062,5234,3191,5,945,8623,0.109591,547,2644
0,1869,10302,5,8623,945,9.12487,5068,5234,3197,5,945,8623,0.109591,473,2724
0,1870,10308,5,8623,945,9.12487,5074,5234,3203,5,945,8623,0.109591,411,2792
0,1871,10314,5,8623,945,9.12487,5080,5234,3209,5,945,8623,0.109591,358,2851
0,1872,10320,5,8623,945,9.12487,5086,5234,3215,5,945,8623,0.109591,313,2902
0,1873,10326,5,8623,945,9.12487,5092,5234,3221,5,945,8623,0.109591,274,2947
0,1874,10332,5,8623,945,9.12487,5098,5234,3227,5,945,8623,0.109591,254,2973
0,1875,10338,5,8623,945,9.12487,5104,5234,3233,5,945,8623,0.109591,225,3008
0,1876,10344,5,8623,945,9.12487,5110,5234,3239,5,945,8623,0.109591,310,2929
0,1877,10350,5,8623,945,9.12487,5116,5234,3245,5,945,8623,0.109591,272,2973
0,1878,10356,5,8623,945,9.12487,5122,5234,3251,5,945,8623,0.109591,239,3012
0,1879,10362,5,8623,945,9.12487,5128,5234,3257,5,945,8623,0.109591,212,3045
0,1880,10368,5,8623,945,9.12487,5134,5234,3263,5,945,8623,0.109591,201,3062
0,1881,10374,5,8623,945,9.12487,5140,5234,3269,5,945,8623,0.109591,179,3090
0,1882,10380,5,8623,945,9.12487,5146,5234,3275,5,945,8623,0.109591,162,3113
0,1883,10386,5,8623,945,9.12487,5152,5234,3281,5,945,8623,0.109591,255,3026
0,1884,10392,5,8623,945,9.12487,5158,5234,3287,5,945,8623,0.109591,279,3008
0,1885,10398,5,8623,945,9.12487,5164,5234,3293,5,945,8623,0.109591,245,3048
0,1886,10404,5,8623,945,9.12487,5170,5234,3299,5,945,8623,0.109591,229,3070
0,1887,10410,5,8623,945,9.12487,5176,5234,3305,5,945,8623,0.109591,203,3102
0,1888,10416,5,8623,945,9.12487,5182,5234,3311,5,945,8623,0.109591,182,3129
0,1889,10422,5,8623,945,9.12487,5188,5234,3317,5,945,8623,0.109591,163,3154
0,1890,10428,5,8623,945,9.12487,5194,5234,3323,5,945,8623,0.109591,148,3175
0,1891,10434,5,8623,945,9.12487,5200,5234,3329,5,945,8623,0.109591,135,3194
0,1892,10440,5,8623,945,9.12487,5206,5234,3335,5,945,8623,0.109591,135,3200
0,1893,10446,5,8623,945,9.12487,5212,5234,3341,5,945,8623,0.109591,123,3218
0,1894,10452,5,8623,945,9.12487,5218,5234,3347,5,945,8623,0.109591,114,3233
0,1895,10458,5,8623,945,9.12487,5224,5234,3353,5,945,8623,0.109591,105,3248
0,1896,10464,5,8623,945,9.12487,5230,5234,3359,5,945,8623,0.109591,99,3260
0,1897,10470,5,8623,945,9.12487,5236,5234,3365,5,945,8623,0.109591,93,3272
0,1898,10476,5,8623,945,9.12487,5242,5234,3371,5,945,8623,0.109591,278,3093
0,1899,10482,5,8623,945,9.12487,5248,5234,3377,5,945,8623,0.109591,245,3132
0,1900,10488,5,8623,945,9.12487,5254,5234,3383,5,945,8623,0.109591,218,3165
0,1901,10494,5,8623,945,9.12487,5260,5234,3389,5,945,8623,0.109591,303,3086
0,1902,10500,5,8623,945,9.12487,5266,5234,3395,5,945,8623,0.109591,321,3074
0,1903,10506,5,8623,945,9.12487,5272,5234,3401,5,945,8623,0.109591,281,3120
0,1904,10512,5,8623,945,9.12487,5278,5234,3407,5,945,8623,0.109591,261,3146
0,1905,10518,5,8623,945,9.12487,5284,5234,3413,5,945,8623,0.109591,230,3183
0,1906,10524,5,8623,945,9.12487,5290,5234,3419,5,945,8623,0.109591,205,3214
0,1907,10530,5,8623,945,9.12487,5296,5234,3425,5,945,8623,0.109591,183,3242
0,1908,10536,5,8623,945,9.12487,5302,5234,3431,5,945,8623,0.109591,165,3266
0,1909,10542,5,8623,945,9.12487,5308,5234,3437,5,945,8623,0.109591,149,3288
0,1910,10548,5,8623,945,9.12487,5314,5234,3443,5,945,8623,0.109591,148,3295
0,1911,10554,5,8623,945,9.12487,5320,5234,3449,5,945,8623,0.109591,135,3314
0,1912,10560,5,8623,945,9.12487,5326,5234,3455,5,945,8623,0.109591,125,3330
0,1913,10566,5,8623,945,9.12487,5332,5234,3461,5,945,8623,0.109591,115,3346
0,1914,10572,5,8623,945,9.12487,5338,5234,3467,5,945,8623,0.109591,107,3360
0,1915,10578,5,8623,945,9.12487,5344,5234,3473,5,945,8623,0.109591,231,3242
0,1916,10584,5,8623,945,9.12487,5350,5234,3479,5,945,8623,0.109591,218,3261
0,1917,10590,5,8623,945,9.12487,5356,5234,3485,5,945,8623,0.109591,194,3291
0,1918,10596,5,8623,945,9.12487,5362,5234,3491,5,945,8623,0.109591,175,3316
0,1919,10602,5,8623,945,9.12487,5368,5234,3497,5,945,8623,0.109591,266,3231
0,1920,10608,5,8623,945,9.12487,5374,5234,3503,5,945,8623,0.109591,289,3214
0,1921,10614,5,8623,945,9.12487,5380,5234,3509,5,945,8623,0.109591,254,3255
0,1922,10620,5,8623,945,9.12487,5386,5234,3515,5,945,8623,0.109591,238,3277
0,1923,10626,5,8623,945,9.12487,5392,5234,3521,5,945,8623,0.109591,211,3310
0,1924,10632,5,8623,945,9.12487,5398,5234,3527,5,945,8623,0.109591,189,3338
0,1925,10638,5,8623,945,9.12487,5404,5234,3533,5,945,8623,0.109591,170,3363
0,1926,10644,5,8623,945,9.12487,5410,5234,3539,5,945,8623,0.109591,154,3385
0,1927,10650,5,8623,945,9.12487,5416,5234,3545,5,945,8623,0.109591,140,3405
0,1928,10656,5,8623,945,9.12487,5422,5234,3551,5,945,8623,0.109591,140,3411
0,1929,10662,5,8623,945,9.12487,5428,5234,3557,5,945,8623,0.109591,128,3429
0,1930,10668,5,8623,945,9.12487,5434,5234,3563,5,945,8623,0.109591,119,3444
0,1931,10674,5,8623,945,9.12487,5440,5234,3569,5,945,8623,0.109591,110,3459
0,1932,10680,5,8623,945,9.12487,5446,5234,3575,5,945,8623,0.109591,103,3472
0,1933,10686,5,8623,945,9.12487,5452,5234,3581,5,945,8623,0.109591,96,3485
0,1934,10692,5,8623,945,9.12487,5458,5234,3587,5,945,8623,0.109591,262,3325
0,1935,10698,5,8623,945,9.12487,5464,5234,3593,5,945,8623,0.109591,231,3362
0,1936,10704,5,8623,945,9.12487,5470,5234,3599,5,945,8623,0.109591,206,3393
0,1937,10710,5,8623,945,9.12487,5476,5234,3605,5,945,8623,0.109591,294,3311
0,1938,10716,5,8623,945,9.12487,5482,5234,3611,5,945,8623,0.109591,313,3298
0,1939,10722,5,8623,945,9.12487,5474,5248,3617,5,945,8623,0.109591,275,3342
0,1940,10728,5,8623,945,9.12487,5480,5248,3623,5,945,8623,0.109591,256,3367
0,1941,10734,5,8623,945,9.12487,5486,5248,3629,5,945,8623,0.109591,226,3403
0,1942,10740,5,8623,945,9.12487,5492,5248,3635,5,945,8623,0.109591,202,3433
0,1943,10746,5,8623,945,9.12487,5498,5248,3641,5,945,8623,0.109591,181,3460
0,1944,10752,5,8623,945,9.12487,5504,5248,3647,5,945,8623,0.109591,163,3484
0,1945,10758,5,8623,945,9.12487,5510,5248,3653,5,945,8623,0.109591,147,3506
0,1946,10764,5,8623,945,9.12487,5516,5248,3659,5,945,8623,0.109591,146,3513
0,1947,10770,5,8623,945,9.12487,5522,5248,3665,5,945,8623,0.109591,133,3532
0,1948,10776,5,8623,945,9.12487,5528,5248,3671,5,945,8623,0.109591,123,3548
0,1949,10782,5,8623,945,9.12487,5534,5248,3677,5,945,8623,0.109591,114,3563
0,1950,10788,5,8623,945,9.12487,5540,5248,3683,5,945,8623,0.109591,106,3577
0,1951,10794,5,8623,945,9.12487,5546,5248,3689,5,945,8623,0.109591,266,3423
0,1952,10800,5,8623,945,9.12487,5552,5248,3695,5,945,8623,0.109591,247,3448
0,1953,10806,5,8623,945,9.12487,5558,5248,3701,5,945,8623,0.109591,219,3482
0,1954,10812,5,8623,945,9.12487,5564,5248,3707,5,945,8623,0.109591,297,3410
0,1955,10818,5,8623,945,9.12487,5570,5248,3713,5,945,8623,0.109591,262,3451
0,1956,10824,5,8623,945,9.12487,5576,5248,3719,5,945,8623,0.109591,286,3433
0,1957,10830,5,8623,945,9.12487,5582,5248,3725,5,945,8623,0.109591,252,3473
0,1958,10836,5,8623,945,9.12487,5588,5248,3731,5,945,8623,0.109591,236,3495
0,1959,10842,5,8623,945,9.12487,5594,5248,3737,5,945,8623,0.109591,210,3527
0,1960,10848,5,8623,945,9.12487,5600,5248,3743,5,945,8623,0.109591,188,3555
0,1961,10854,5,8623,945,9.12487,5606,5248,3749,5,945,8623,0.109591,169,3580
0,1962,10860,5,8623,945,9.12487,5612,5248,3755,5,945,8623,0.109591,153,3602
0,1963,10866,5,8623,945,9.12487,5618,5248,3761,5,945,8623,0.109591,138,3623
0,1964,10872,5,8623,945,9.12487,5624,5248,3767,5,945,8623,0.109591,139,3628
0,1965,10878,5,8623,945,9.12487,5630,5248,3773,5,945,8623,0.109591,127,3646
0,1966,10884,5,8623,945,9.12487,5636,5248,3779,5,945,8623,0.109591,117,3662
0,1967,10890,5,8623,945,9.12487,5628,5262,3785,5,945,8623,0.109591,109,3676
0,1968,10896,5,8623,945,9.12487,5634,5262,3791,5,945,8623,0.109591,102,3689
0,1969,10902,5,8623,945,9.12487,5640,5262,3797,5,945,8623,0.109591,95,3702
0,1970,10908,5,8623,945,9.12487,5646,5262,3803,5,945,8623,0.109591,103,3700
0,1971,10914,5,8623,945,9.12487,5652,5262,3809,5,945,8623,0.109591,97,3712
0,1972,10920,5,8623,945,9.12487,5658,5262,3815,5,945,8623,0.109591,92,3723
0,1973,10926,5,8623,945,9.12487,5664,5262,3821,5,945,8623,0.109591,87,3734
0,1974,10932,5,8623,945,9.12487,5670,5262,3827,5,945,8623,0.109591,137,3690
0,1975,10938,5,8623,945,9.12487,5676,5262,3833,5,945,8623,0.109591,125,3708
0,1976,10944,5,8623,945,9.12487,5980,4964,3839,5,945,8623,0.109591,128,3711
0,1977,10950,5,8623,945,9.12487,5986,4964,3845,5,945,8623,0.109591,118,3727
0,1978,10956,5,8623,945,9.12487,5992,4964,3851,5,945,8623,0.109591,110,3741
0,1979,10962,5,8623,945,9.12487,5998,4964,3857,5,945,8623,0.109591,103,3754
0,1980,10968,5,8623,945,9.12487,6004,4964,3863,5,945,8623,0.109591,97,3766
0,1981,10974,5,8623,945,9.12487,10391,583,3869,5,945,8623,0.109591,92,3777
0,1982,10980,5,8623,945,9.12487,10397,583,3875,5,945,8623,0.109591,100,3775
0,1983,10986,5,8623,945,9.12487,10403,583,3881,5,945,8623,0.109591,95,3786
0,1984,10992,5,8623,945,9.12487,10395,597,3887,5,945,8623,0.109591,342,3545
0,1985,10998,5,8623,945,9.12487,10401,597,3893,5,945,8623,0.109591,300,3593
0,1986,11004,5,8623,945,9.12487,10407,597,3899,5,945,8623,0.109591,264,3635
0,1987,11010,5,8623,945,9.12487,10413,597,3905,5,945,8623,0.109591,233,3672
0,1988,11016,5,8623,945,9.12487,10419,597,3911,5,945,8623,0.109591,220,3691
0,1989,11022,5,8623,945,9.12487,10425,597,3917,5,945,8623,0.109591,234,3683
0,1990,11028,5,8623,945,9.12487,10393,635,3923,5,945,8623,0.109591,208,3715
0,1991,11034,5,8623,945,9.12487,10399,635,3929,5,945,8623,0.109591,367,3562
0,1992,11040,5,8623,945,9.12487,10235,805,3935,5,945,8623,0.109591,375,3560
0,1993,11046,5,8623,945,9.12487,10241,805,3941,5,945,8623,0.109591,326,3615
0,1994,11052,5,8623,945,9.12487,10247,805,3947,5,945,8623,0.109591,298,3649
0,1995,11058,5,8623,945,9.12487,10253,805,3953,5,945,8623,0.109591,262,3691
0,1996,11064,5,8623,945,9.12487,10259,805,3959,5,945,8623,0.109591,232,3727
0,1997,11070,5,8623,945,9.12487,10265,805,3965,5,945,8623,0.109591,206,3759
0,1998,11076,5,8623,945,9.12487,10271,805,3971,5,945,8623,0.109591,183,3788
0,1999,11082,5,8623,945,9.12487,10277,805,3977,5,945,8623,0.109591,164,3813
0,2000,11088,5,8623,945,9.12487,10283,805,3983,5,945,8623,0.109591,160,3823
0,2001,11094,5,8623,945,9.12487,10230,864,3989,5,945,8623,0.109591,145,3844
0,2002,11100,5,8623,945,9.12487,10236,864,3995,5,945,8623,0.109591,133,3862
0,2003,11106,5,8623,945,9.12487,10242,864,4001,5,945,8623,0.109591,122,3879
0,2004,11112,5,8623,945,9.12487,10248,864,4007,5,945,8623,0.109591,245,3762
0,2005,11118,5,8623,945,9.12487,10144,974,4013,5,945,8623,0.109591,442,3571
0,2006,11124,5,8623,945,9.12487,10150,974,4019,5,945,8623,0.109591,397,3622
0,2007,11130,5,8623,945,9.12487,10031,1099,4025,5,945,8623,0.109591,346,3679
0,2008,11136,5,8623,945,9.12487,10037,1099,4031,5,945,8623,0.109591,303,3728
0,2009,11142,5,8623,945,9.12487,10043,1099,4037,5,945,8623,0.109591,266,3771
0,2010,11148,5,8623,945,9.12487,9968,1180,4043,5,945,8623,0.109591,289,3754
0,2011,11154,5,8623,945,9.12487,9974,1180,4049,5,945,8623,0.109591,253,3796
0,2012,11159,4,8682,945,9.1873,9918,1241,3996,5,945,8682,0.108846,843,3153
0,2013,11164,4,8753,945,9.26243,10557,607,3931,5,945,8753,0.107963,746,3185
0,2014,11169,4,8825,945,9.33862,10029,1140,3865,5,945,8825,0.107082,652,3213
0,2015,11174,4,8897,945,9.41481,9584,1590,3799,5,945,8897,0.106216,560,3239
0,2016,11179,4,8969,945,9.491,9228,1951,3733,5,945,8969,0.105363,471,3262
0,2017,11184,4,9041,945,9.5672,8957,2227,3667,5,945,9041,0.104524,385,3282
0,2018,11189,4,9113,945,9.64339,8769,2420,3601,5,945,9113,0.103698,520,3081
0,2019,11194,4,9185,945,9.71958,8664,2530,3535,5,945,9185,0.102885,406,3129
0,2020,11199,4,9257,945,9.79577,8642,2557,3469,5,945,9257,0.102085,298,3171
0,2021,11205,5,9289,945,9.82963,8648,2557,3443,5,945,9289,0.101733,360,3083
0,2022,11211,5,9289,945,9.82963,8507,2704,3449,5,945,9289,0.101733,315,3134
0,2023,11217,5,9289,945,9.82963,8513,2704,3455,5,945,9289,0.101733,277,3178
0,2024,11223,5,9289,945,9.82963,8519,2704,3461,5,945,9289,0.101733,256,3205
0,2025,11229,5,9289,945,9.82963,8525,2704,3467,5,945,9289,0.101733,226,3241
0,2026,11235,5,9289,945,9.82963,8531,2704,3473,5,945,9289,0.101733,201,3272
0,2027,11241,5,9289,945,9.82963,8537,2704,3479,5,945,9289,0.101733,179,3300
0,2028,11247,5,9289,945,9.82963,8543,2704,3485,5,945,9289,0.101733,215,3270
0,2029,11253,5,9289,945,9.82963,8549,2704,3491,5,945,9289,0.101733,191,3300
0,2030,11259,5,9289,945,9.82963,8555,2704,3497,5,945,9289,0.101733,183,3314
0,2031,11265,5,9289,945,9.82963,8561,2704,3503,5,945,9289,0.101733,164,3339
0,2032,11271,5,9289,945,9.82963,8567,2704,3509,5,945,9289,0.101733,149,3360
0,2033,11277,5,9289,945,9.82963,8573,2704,3515,5,945,9289,0.101733,135,3380
0,2034,11283,5,9289,945,9.82963,8579,2704,3521,5,945,9289,0.101733,123,3398
0,2035,11289,5,9289,945,9.82963,8585,2704,3527,5,945,9289,0.101733,113,3414
0,2036,11295,5,9289,945,9.82963,8591,2704,3533,5,945,9289,0.101733,117,3416
0,2037,11301,5,9289,945,9.82963,8597,2704,3539,5,945,9289,0.101733,108,3431
0,2038,11307,5,9289,945,9.82963,8603,2704,3545,5,945,9289,0.101733,100,3445
0,2039,11313,5,9289,945,9.82963,8609,2704,3551,5,945,9289,0.101733,220,3331
0,2040,11319,5,9289,945,9.82963,8615,2704,3557,5,945,9289,0.101733,196,3361
0,2041,11325,5,9289,945,9.82963,8621,2704,3563,5,945,9289,0.101733,415,3148
0,2042,11331,5,9289,945,9.82963,8627,2704,3569,5,945,9289,0.101733,374,3195
0,2043,11337,5,9289,945,9.82963,8633,2704,3575,5,945,9289,0.101733,327,3248
0,2044,11343,5,9289,945,9.82963,8639,2704,3581,5,945,9289,0.101733,286,3295
0,2045,11349,5,9289,945,9.82963,8645,2704,3587,5,945,9289,0.101733,251,3336
0,2046,11355,5,9289,945,9.82963,8651,2704,3593,5,945,9289,0.101733,276,3317
0,2047,11361,5,9289,945,9.82963,8657,2704,3599,5,945,9289,0.101733,243,3356
0,2048,11367,5,9289,945,9.82963,8663,2704,3605,5,945,9289,0.101733,228,3377
0,2049,11373,5,9289,945,9.82963,8669,2704,3611,5,945,9289,0.101733,202,3409
0,2050,11379,5,9289,945,9.82963,8675,2704,3617,5,945,9289,0.101733,181,3436
0,2051,11385,5,9289,945,9.82963,8681,2704,3623,5,945,9289,0.101733,163,3460
0,2052,11391,5,9289,945,9.82963,8687,2704,3629,5,945,9289,0.101733,147,3482
0,2053,11397,5,9289,945,9.82963,8693,2704,3635,5,945,9289,0.101733,134,3501
0,2054,11403,5,9289,945,9.82963,8699,2704,3641,5,945,9289,0.101733,135,3506
0,2055,11409,5,9289,945,9.82963,8705,2704,3647,5,945,9289,0.101733,123,3524
0,2056,11415,5,9289,945,9.82963,8711,2704,3653,5,945,9289,0.101733,113,3540
0,2057,11421,5,9289,945,9.82963,8717,2704,3659,5,945,9289,0.101733,441,3218
0,2058,11427,5,9289,945,9.82963,8723,2704,3665,5,945,9289,0.101733,384,3281
0,2059,11433,5,9289,945,9.82963,8729,2704,3671,5,945,9289,0.101733,335,3336
0,2060,11439,5,9289,945,9.82963,8735,2704,3677,5,945,9289,0.101733,306,3371
0,2061,11445,5,9289,945,9.82963,8741,2704,3683,5,945,9289,0.101733,269,3414
0,2062,11451,5,9289,945,9.82963,8747,2704,3689,5,945,9289,0.101733,237,3452
0,2063,11457,5,9289,945,9.82963,8753,2704,3695,5,945,9289,0.101733,210,3485
0,2064,11463,5,9289,945,9.82963,8759,2704,3701,5,945,9289,0.101733,241,3460
0,2065,11469,5,9289,945,9.82963,8765,2704,3707,5,945,9289,0.101733,213,3494
0,2066,11475,5,9289,945,9.82963,8771,2704,3713,5,945,9289,0.101733,203,3510
0,2067,11481,5,9289,945,9.82963,8777,2704,3719,5,945,9289,0.101733,181,3538
0,2068,11487,5,9289,945,9.82963,8783,2704,3725,5,945,9289,0.101733,163,3562
0,2069,11493,5,9289,945,9.82963,8789,2704,3731,5,945,9289,0.101733,147,3584
0,2070,11499,5,9289,945,9.82963,8795,2704,3737,5,945,9289,0.101733,133,3604
0,2071,11505,5,9289,945,9.82963,8801,2704,3743,5,945,9289,0.101733,122,3621
0,2072,11511,5,9289,945,9.82963,8807,2704,3749,5,945,9289,0.101733,125,3624
0,2073,11517,5,9289,945,9.82963,8813,2704,3755,5,945,9289,0.101733,115,3640
0,2074,11523,5,9289,945,9.82963,8819,2704,3761,5,945,9289,0.101733,106,3655
0,2075,11529,5,9289,945,9.82963,8825,2704,3767,5,945,9289,0.101733,224,3543
0,2076,11535,5,9289,945,9.82963,8688,2847,3773,5,945,9289,0.101733,199,3574
0,2077,11541,5,9289,945,9.82963,8694,2847,3779,5,945,9289,0.101733,177,3602
0,2078,11547,5,9289,945,9.82963,8700,2847,3785,5,945,9289,0.101733,471,3314
0,2079,11553,5,9289,945,9.82963,8706,2847,3791,5,945,9289,0.101733,409,3382
0,2080,11559,5,9289,945,9.82963,8712,2847,3797,5,945,9289,0.101733,357,3440
0,2081,11565,5,9289,945,9.82963,8718,2847,3803,5,945,9289,0.101733,312,3491
0,2082,11571,5,9289,945,9.82963,8724,2847,3809,5,945,9289,0.101733,328,3481
0,2083,11577,5,9289,945,9.82963,8730,2847,3815,5,945,9289,0.101733,287,3528
0,2084,11583,5,9289,945,9.82963,8736,2847,3821,5,945,9289,0.101733,266,3555
0,2085,11589,5,9289,945,9.82963,8742,2847,3827,5,945,9289,0.101733,235,3592
0,2086,11595,5,9289,945,9.82963,8748,2847,3833,5,945,9289,0.101733,209,3624
0,2087,11601,5,9289,945,9.82963,8754,2847,3839,5,945,9289,0.101733,186,3653
0,2088,11607,5,9289,945,9.82963,8760,2847,3845,5,945,9289,0.101733,166,3679
0,2089,11613,5,9289,945,9.82963,8766,2847,3851,5,945,9289,0.101733,150,3701
0,2090,11619,5,9289,945,9.82963,8772,2847,3857,5,945,9289,0.101733,148,3709
0,2091,11625,5,9289,945,9.82963,8778,2847,3863,5,945,9289,0.101733,135,3728
0,2092,11631,5,9289,945,9.82963,8784,2847,3869,5,945,9289,0.101733,258,3611
0,2093,11637,5,9289,945,9.82963,8779,2858,3875,5,945,9289,0.101733,228,3647
0,2094,11643,5,9289,945,9.82963,8785,2858,3881,5,945,9289,0.101733,203,3678
0,2095,11649,5,9289,945,9.82963,8791,2858,3887,5,945,9289,0.101733,181,3706
0,2096,11655,5,9289,945,9.82963,8797,2858,3893,5,945,9289,0.101733,431,3462
0,2097,11661,5,9289,945,9.82963,8803,2858,3899,5,945,9289,0.101733,375,3524
0,2098,11667,5,9289,945,9.82963,8809,2858,3905,5,945,9289,0.101733,327,3578
0,2099,11673,5,9289,945,9.82963,8815,2858,3911,5,945,9289,0.101733,287,3624
0,2100,11679,5,9289,945,9.82963,8821,2858,3917,5,945,9289,0.101733,307,3610
0,2101,11685,5,9289,945,9.82963,8827,2858,3923,5,945,9289,0.101733,269,3654
0,2102,11691,5,9289,945,9.82963,8833,2858,3929,5,945,9289,0.101733,250,3679
0,2103,11697,5,9289,945,9.82963,8800,2897,3935,5,945,9289,0.101733,222,3713
0,2104,11703,5,9289,945,9.82963,8806,2897,3941,5,945,9289,0.101733,198,3743
0,2105,11709,5,9289,945,9.82963,8812,2897,3947,5,945,9289,0.101733,177,3770
0,2106,11715,5,9289,945,9.82963,8818,2897,3953,5,945,9289,0.101733,158,3795
0,2107,11721,5,9289,945,9.82963,8824,2897,3959,5,945,9289,0.101733,143,3816
0,2108,11727,5,9289,945,9.82963,8830,2897,3965,5,945,9289,0.101733,142,3823
0,2109,11733,5,9289,945,9.82963,8836,2897,3971,5,945,9289,0.101733,129,3842
0,2110,11739,5,9289,945,9.82963,8842,2897,3977,5,945,9289,0.101733,119,3858
0,2111,11745,5,9289,945,9.82963,8848,2897,3983,5,945,9289,0.101733,110,3873
0,2112,11751,5,9289,945,9.82963,8854,2897,3989,5,945,9289,0.101733,102,3887
0,2113,11757,5,9289,945,9.82963,8860,2897,3995,5,945,9289,0.101733,95,3900
0,2114,11763,5,9289,945,9.82963,8866,2897,4001,5,945,9289,0.101733,101,3900
0,2115,11769,5,9289,945,9.82963,8872,2897,4007,5,945,9289,0.101733,95,3912
0,2116,11775,5,9289,945,9.82963,8864,2911,4013,5,945,9289,0.101733,90,3923
0,2117,11781,5,9289,945,9.82963,8870,2911,4019,5,945,9289,0.101733,85,3934
0,2118,11787,5,9289,945,9.82963,8876,2911,4025,5,945,9289,0.101733,136,3889
0,2119,11793,5,9289,945,9.82963,8882,2911,4031,5,945,9289,0.101733,124,3907
0,2120,11799,5,9289,945,9.82963,8888,2911,4037,5,945,9289,0.101733,127,3910
0,2121,11805,5,9289,945,9.82963,8894,2911,4043,5,945,9289,0.101733,189,3854
0,2122,11811,5,9289,945,9.82963,8886,2925,4049,5,945,9289,0.101733,171,3878
0,2123,11817,5,9289,945,9.82963,8892,2925,4055,5,945,9289,0.101733,154,3901
0,2124,11823,5,9289,945,9.82963,8898,2925,4061,5,945,9289,0.101733,140,3921
0,2125,11829,5,9289,945,9.82963,8904,2925,4067,5,945,9289,0.101733,128,3939
0,2126,11835,5,9289,945,9.82963,8896,2939,4073,5,945,9289,0.101733,130,3943
0,2127,11841,5,9289,945,9.82963,8902,2939,4079,5,945,9289,0.101733,120,3959
0,2128,11847,5,9289,945,9.82963,8894,2953,4085,5,945,9289,0.101733,376,3709
0,2129,11853,5,9289,945,9.82963,8636,3217,4091,5,945,9289,0.101733,328,3763
0,2130,11858,4,9359,945,9.9037,9063,2795,4027,5,945,9359,0.100972,595,3432
0,2131,11863,4,9432,945,9.98095,9306,2557,3960,5,945,9432,0.100191,487,3473
0,2132,11868,4,9505,945,10.0582,9311,2557,3893,5,945,9505,0.0994214,397,3496
0,2133,11873,4,9578,945,10.1354,9316,2557,3826,5,945,9578,0.0986636,297,3529
0,2134,11878,4,9652,945,10.2138,9321,2557,3758,5,945,9652,0.0979072,200,3558
0,2135,11884,5,9666,945,10.2286,9327,2557,3750,5,945,9666,0.0977654,167,3583
0,2136,11890,5,9666,945,10.2286,9237,2653,3756,5,945,9666,0.0977654,205,3551
0,2137,11896,5,9666,945,10.2286,9243,2653,3762,5,945,9666,0.0977654,182,3580
0,2138,11902,5,9666,945,10.2286,9249,2653,3768,5,945,9666,0.0977654,176,3592
0,2139,11908,5,9666,945,10.2286,9255,2653,3774,5,945,9666,0.0977654,230,3544
0,2140,11914,5,9666,945,10.2286,9261,2653,3780,5,945,9666,0.0977654,374,3406
0,2141,11920,5,9666,945,10.2286,9146,2774,3786,5,945,9666,0.0977654,326,3460
0,2142,11926,5,9666,945,10.2286,9152,2774,3792,5,945,9666,0.0977654,286,3506
0,2143,11932,5,9666,945,10.2286,9158,2774,3798,5,945,9666,0.0977654,252,3546
0,2144,11938,5,9666,945,10.2286,9164,2774,3804,5,945,9666,0.0977654,235,3569
0,2145,11944,5,9666,945,10.2286,9170,2774,3810,5,945,9666,0.0977654,209,3601
0,2146,11950,5,9666,945,10.2286,9176,2774,3816,5,945,9666,0.0977654,187,3629
0,2147,11956,5,9666,945,10.2286,9182,2774,3822,5,945,9666,0.0977654,167,3655
0,2148,11962,5,9666,945,10.2286,9188,2774,3828,5,945,9666,0.0977654,151,3677
0,2149,11968,5,9666,945,10.2286,9194,2774,3834,5,945,9666,0.0977654,137,3697
0,2150,11974,5,9666,945,10.2286,9200,2774,3840,5,945,9666,0.0977654,138,3702
0,2151,11980,5,9666,945,10.2286,9206,2774,3846,5,945,9666,0.0977654,126,3720
0,2152,11986,5,9666,945,10.2286,9212,2774,3852,5,945,9666,0.0977654,116,3736
0,2153,11992,5,9666,945,10.2286,9218,2774,3858,5,945,9666,0.0977654,107,3751
0,2154,11998,5,9666,945,10.2286,9224,2774,3864,5,945,9666,0.0977654,460,3404
0,2155,12004,5,9666,945,10.2286,9109,2895,3870,5,945,9666,0.0977654,399,3471
0,2156,12010,5,9666,945,10.2286,9115,2895,3876,5,945,9666,0.0977654,360,3516
0,2157,12016,5,9666,945,10.2286,9121,2895,3882,5,945,9666,0.0977654,387,3495
0,2158,12022,5,9666,945,10.2286,9127,2895,3888,5,945,9666,0.0977654,339,3549
0,2159,12028,5,9666,945,10.2286,9133,2895,3894,5,945,9666,0.0977654,296,3598
0,2160,12034,5,9666,945,10.2286,9139,2895,3900,5,945,9666,0.0977654,260,3640
0,2161,12040,5,9666,945,10.2286,9145,2895,3906,5,945,9666,0.0977654,230,3676
0,2162,12046,5,9666,945,10.2286,10829,1217,3912,5,945,9666,0.0977654,216,3696
0,2163,12052,5,9666,945,10.2286,10835,1217,3918,5,945,9666,0.0977654,193,3725
0,2164,12058,5,9666,945,10.2286,11720,338,3924,5,945,9666,0.0977654,174,3750
0,2165,12064,5,9666,945,10.2286,11726,338,3930,5,945,9666,0.0977654,156,3774
0,2166,12070,5,9666,945,10.2286,11732,338,3936,5,945,9666,0.0977654,142,3794
0,2167,12076,5,9666,945,10.2286,11738,338,3942,5,945,9666,0.0977654,129,3813
0,2168,12082,5,9666,945,10.2286,11744,338,3948,5,945,9666,0.0977654,131,3817
0,2169,12088,5,9666,945,10.2286,11750,338,3954,5,945,9666,0.0977654,120,3834
0,2170,12094,5,9666,945,10.2286,11756,338,3960,5,945,9666,0.0977654,111,3849
0,2171,12100,5,9666,945,10.2286,11762,338,3966,5,945,9666,0.0977654,103,3863
0,2172,12106,5,9666,945,10.2286,11768,338,3972,5,945,9666,0.0977654,151,3821
0,2173,12112,5,9666,945,10.2286,11774,338,3978,5,945,9666,0.0977654,136,3842
0,2174,12118,5,9666,945,10.2286,11780,338,3984,5,945,9666,0.0977654,137,3847
0,2175,12124,5,9666,945,10.2286,11786,338,3990,5,945,9666,0.0977654,197,3793
0,2176,12130,5,9666,945,10.2286,11792,338,3996,5,945,9666,0.0977654,177,3819
0,2177,12136,5,9666,945,10.2286,11798,338,4002,5,945,9666,0.0977654,159,3843
0,2178,12142,5,9666,945,10.2286,11804,338,4008,5,945,9666,0.0977654,144,3864
0,2179,12148,5,9666,945,10.2286,11810,338,4014,5,945,9666,0.0977654,131,3883
0,2180,12154,5,9666,945,10.2286,11816,338,4020,5,945,9666,0.0977654,132,3888
0,2181,12160,5,9666,945,10.2286,11822,338,4026,5,945,9666,0.0977654,121,3905
0,2182,12166,5,9666,945,10.2286,11828,338,4032,5,945,9666,0.0977654,112,3920
0,2183,12172,5,9666,945,10.2286,11834,338,4038,5,945,9666,0.0977654,104,3934
0,2184,12178,5,9666,945,10.2286,11840,338,4044,5,945,9666,0.0977654,98,3946
0,2185,12184,5,9666,945,10.2286,11846,338,4050,5,945,9666,0.0977654,335,3715
0,2186,12190,5,9666,945,10.2286,11595,595,4056,5,945,9666,0.0977654,306,3750
0,2187,12196,5,9666,945,10.2286,11601,595,4062,5,945,9666,0.0977654,269,3793
0,2188,12202,5,9666,945,10.2286,11607,595,4068,5,945,9666,0.0977654,237,3831
0,2189,12208,5,9666,945,10.2286,11613,595,4074,5,945,9666,0.0977654,210,3864
0,2190,12214,5,9666,945,10.2286,11619,595,4080,5,945,9666,0.0977654,242,3838
0,2191,12220,5,9666,945,10.2286,11625,595,4086,5,945,9666,0.0977654,214,3872
0,2192,12226,5,9666,945,10.2286,11631,595,4092,5,945,9666,0.0977654,203,3889
0,2193,12232,5,9666,945,10.2286,11637,595,4098,5,945,9666,0.0977654,253,3845
0,2194,12238,5,9666,945,10.2286,11643,595,4104,5,945,9666,0.0977654,225,3879
0,2195,12244,5,9666,945,10.2286,11649,595,4110,5,945,9666,0.0977654,199,3911
0,2196,12250,5,9666,945,10.2286,11655,595,4116,5,945,9666,0.0977654,178,3938
0,2197,12256,5,9666,945,10.2286,11661,595,4122,5,945,9666,0.0977654,160,3962
0,2198,12262,5,9666,945,10.2286,11667,595,4128,5,945,9666,0.0977654,157,3971
0,2199,12268,5,9666,945,10.2286,11673,595,4134,5,945,9666,0.0977654,142,3992
0,2200,12274,5,9666,945,10.2286,11679,595,4140,5,945,9666,0.0977654,130,4010
0,2201,12280,5,9666,945,10.2286,11685,595,4146,5,945,9666,0.0977654,408,3738
0,2202,12286,5,9666,945,10.2286,11630,656,4152,5,945,9666,0.0977654,356,3796
0,2203,12292,5,9666,945,10.2286,11636,656,4158,5,945,9666,0.0977654,311,3847
0,2204,12298,5,9666,945,10.2286,11642,656,4164,5,945,9666,0.0977654,286,3878
0,2205,12304,5,9666,945,10.2286,11648,656,4170,5,945,9666,0.0977654,252,3918
0,2206,12310,5,9666,945,10.2286,11654,656,4176,5,945,9666,0.0977654,223,3953
0,2207,12316,5,9666,945,10.2286,11660,656,4182,5,945,9666,0.0977654,198,3984
0,2208,12322,5,9666,945,10.2286,11666,656,4188,5,945,9666,0.0977654,232,3956
0,2209,12328,5,9666,945,10.2286,11672,656,4194,5,945,9666,0.0977654,205,3989
0,2210,12334,5,9666,945,10.2286,11678,656,4200,5,945,9666,0.0977654,195,4005
0,2211,12340,5,9666,945,10.2286,11684,656,4206,5,945,9666,0.0977654,246,3960
0,2212,12346,5,9666,945,10.2286,11690,656,4212,5,945,9666,0.0977654,219,3993
0,2213,12352,5,9666,945,10.2286,11696,656,4218,5,945,9666,0.0977654,194,4024
0,2214,12358,5,9666,945,10.2286,11702,656,4224,5,945,9666,0.0977654,174,4050
0,2215,12364,5,9666,945,10.2286,11708,656,4230,5,945,9666,0.0977654,156,4074
0,2216,12370,5,9666,945,10.2286,11714,656,4236,5,945,9666,0.0977654,153,4083
0,2217,12376,5,9666,945,10.2286,11720,656,4242,5,945,9666,0.0977654,139,4103
0,2218,12382,5,9666,945,10.2286,12064,318,4248,5,945,9666,0.0977654,128,4120
0,2219,12388,5,9666,945,10.2286,12070,318,4254,5,945,9666,0.0977654,117,4137
0,2220,12394,5,9666,945,10.2286,12076,318,4260,5,945,9666,0.0977654,109,4151
0,2221,12400,5,9666,945,10.2286,12082,318,4266,5,945,9666,0.0977654,101,4165
0,2222,12406,5,9666,945,10.2286,12088,318,4272,5,945,9666,0.0977654,107,4165
0,2223,12412,5,9666,945,10.2286,12094,318,4278,5,945,9666,0.0977654,356,3922
0,2224,12418,5,9666,945,10.2286,12100,318,4284,5,945,9666,0.0977654,311,3973
0,2225,12424,5,9666,945,10.2286,12106,318,4290,5,945,9666,0.0977654,273,4017
0,2226,12430,5,9666,945,10.2286,12112,318,4296,5,945,9666,0.0977654,295,4001
0,2227,12436,5,9666,945,10.2286,12118,318,4302,5,945,9666,0.0977654,259,4043
0,2228,12442,5,9666,945,10.2286,12124,318,4308,5,945,9666,0.0977654,241,4067
0,2229,12448,5,9666,945,10.2286,12130,318,4314,5,945,9666,0.0977654,285,4029
0,2230,12454,5,9666,945,10.2286,12087,367,4320,5,945,9666,0.0977654,252,4068
0,2231,12460,5,9666,945,10.2286,12093,367,4326,5,945,9666,0.0977654,222,4104
0,2232,12466,5,9666,945,10.2286,12099,367,4332,5,945,9666,0.0977654,197,4135
0,2233,12472,5,9666,945,10.2286,12105,367,4338,5,945,9666,0.0977654,176,4162
0,2234,12478,5,9666,945,10.2286,12111,367,4344,5,945,9666,0.0977654,170,4174
0,2235,12484,5,9666,945,10.2286,12117,367,4350,5,945,9666,0.0977654,451,3899
0,2236,12490,5,9666,945,10.2286,11827,663,4356,5,945,9666,0.0977654,393,3963
0,2237,12496,5,9666,945,10.2286,11833,663,4362,5,945,9666,0.0977654,342,4020
0,2238,12502,5,9666,945,10.2286,11839,663,4368,5,945,9666,0.0977654,300,4068
0,2239,12508,5,9666,945,10.2286,11845,663,4374,5,945,9666,0.0977654,263,4111
0,2240,12514,5,9666,945,10.2286,11851,663,4380,5,945,9666,0.0977654,245,4135
0,2241,12520,5,9666,945,10.2286,11857,663,4386,5,945,9666,0.0977654,217,4169
0,2242,12526,5,9666,945,10.2286,11863,663,4392,5,945,9666,0.0977654,193,4199
0,2243,12532,5,9666,945,10.2286,11869,663,4398,5,945,9666,0.0977654,173,4225
0,2244,12538,5,9666,945,10.2286,11875,663,4404,5,945,9666,0.0977654,210,4194
0,2245,12544,5,9666,945,10.2286,11881,663,4410,5,945,9666,0.0977654,186,4224
0,2246,12550,5,9666,945,10.2286,11887,663,4416,5,945,9666,0.0977654,179,4237
0,2247,12556,5,9666,945,10.2286,11893,663,4422,5,945,9666,0.0977654,233,4189
0,2248,12562,5,9666,945,10.2286,11899,663,4428,5,945,9666,0.0977654,208,4220
0,2249,12568,5,9666,945,10.2286,11905,663,4434,5,945,9666,0.0977654,185,4249
0,2250,12574,5,9666,945,10.2286,11911,663,4440,5,945,9666,0.0977654,166,4274
0,2251,12580,5,9666,945,10.2286,11917,663,4446,5,945,9666,0.0977654,150,4296
0,2252,12586,5,9666,945,10.2286,11887,699,4452,5,945,9666,0.0977654,148,4304
0,2253,12592,5,9666,945,10.2286,11893,699,4458,5,945,9666,0.0977654,135,4323
0,2254,12598,5,9666,945,10.2286,11899,699,4464,5,945,9666,0.0977654,124,4340
0,2255,12604,5,9666,945,10.2286,11905,699,4470,5,945,9666,0.0977654,114,4356
0,2256,12610,5,9666,945,10.2286,11911,699,4476,5,945,9666,0.0977654,208,4268
0,2257,12616,5,9666,945,10.2286,11829,787,4482,5,945,9666,0.0977654,185,4297
0,2258,12622,5,9666,945,10.2286,11835,787,4488,5,945,9666,0.0977654,179,4309
0,2259,12628,5,9666,945,10.2286,11841,787,4494,5,945,9666,0.0977654,161,4333
0,2260,12634,5,9666,945,10.2286,11847,787,4500,5,945,9666,0.0977654,145,4355
0,2261,12640,5,9666,945,10.2286,11853,787,4506,5,945,9666,0.0977654,132,4374
0,2262,12646,5,9666,945,10.2286,11798,848,4512,5,945,9666,0.0977654,175,4337
0,2263,12652,5,9666,945,10.2286,11804,848,4518,5,945,9666,0.0977654,157,4361
0,2264,12658,5,9666,945,10.2286,11810,848,4524,5,945,9666,0.0977654,155,4369
0,2265,12664,5,9666,945,10.2286,11816,848,4530,5,945,9666,0.0977654,212,4318
0,2266,12670,5,9666,945,10.2286,11822,848,4536,5,945,9666,0.0977654,190,4346
0,2267,12676,5,9666,945,10.2286,11828,848,4542,5,945,9666,0.0977654,170,4372
0,2268,12682,5,9666,945,10.2286,11804,878,4548,5,945,9666,0.0977654,153,4395
0,2269,12688,5,9666,945,10.2286,11810,878,4554,5,945,9666,0.0977654,139,4415
0,2270,12694,5,9666,945,10.2286,11816,878,4560,5,945,9666,0.0977654,139,4421
0,2271,12700,5,9666,945,10.2286,11799,901,4566,5,945,9666,0.0977654,127,4439
0,2272,12706,5,9666,945,10.2286,11784,922,4572,5,945,9666,0.0977654,117,4455
0,2273,12711,4,9747,945,10.3143,11770,941,4497,5,945,9747,0.0969529,558,3939
0,2274,12716,4,9838,945,10.4106,12359,357,4412,5,945,9838,0.0960561,446,3966
0,2275,12721,4,9930,945,10.5079,12096,625,4326,5,945,9930,0.0951662,336,3990
0,2276,12726,4,10021,945,10.6042,11931,795,4241,5,945,10021,0.094302,242,3999
0,2277,12732,5,10107,945,10.6952,11866,866,4161,5,945,10107,0.0934996,141,4020
0,2278,12738,5,10107,945,10.6952,11811,927,4167,5,945,10107,0.0934996,128,4039
0,2279,12744,5,10107,945,10.6952,11817,927,4173,5,945,10107,0.0934996,118,4055
0,2280,12750,5,10107,945,10.6952,11823,927,4179,5,945,10107,0.0934996,164,4015
0,2281,12756,5,10107,945,10.6952,11829,927,4185,5,945,10107,0.0934996,147,4038
0,2282,12762,5,10107,945,10.6952,11835,927,4191,5,945,10107,0.0934996,146,4045
0,2283,12768,5,10107,945,10.6952,11841,927,4197,5,945,10107,0.0934996,957,3240
0,2284,12774,5,10107,945,10.6952,11126,1648,4203,5,945,10107,0.0934996,823,3380
0,2285,12780,5,10107,945,10.6952,11132,1648,4209,5,945,10107,0.0934996,708,3501
0,2286,12786,5,10107,945,10.6952,11138,1648,4215,5,945,10107,0.0934996,610,3605
0,2287,12792,5,10107,945,10.6952,11144,1648,4221,5,945,10107,0.0934996,527,3694
0,2288,12798,5,10107,945,10.6952,11150,1648,4227,5,945,10107,0.0934996,469,3758
0,2289,12804,5,10107,945,10.6952,11156,1648,4233,5,945,10107,0.0934996,408,3825
0,2290,12810,5,10107,945,10.6952,11162,1648,4239,5,945,10107,0.0934996,356,3883
0,2291,12816,5,10107,945,10.6952,11168,1648,4245,5,945,10107,0.0934996,401,3844
0,2292,12822,5,10107,945,10.6952,11174,1648,4251,5,945,10107,0.0934996,350,3901
0,2293,12828,5,10107,945,10.6952,11180,1648,4257,5,945,10107,0.0934996,306,3951
0,2294,12834,5,10107,945,10.6952,11186,1648,4263,5,945,10107,0.0934996,281,3982
0,2295,12840,5,10107,945,10.6952,11192,1648,4269,5,945,10107,0.0934996,247,4022
0,2296,12846,5,10107,945,10.6952,11198,1648,4275,5,945,10107,0.0934996,219,4056
0,2297,12852,5,10107,945,10.6952,11204,1648,4281,5,945,10107,0.0934996,195,4086
0,2298,12858,5,10107,945,10.6952,11210,1648,4287,5,945,10107,0.0934996,229,4058
0,2299,12864,5,10107,945,10.6952,11216,1648,4293,5,945,10107,0.0934996,203,4090
0,2300,12870,5,10107,945,10.6952,11222,1648,4299,5,945,10107,0.0934996,194,4105
0,2301,12876,5,10107,945,10.6952,11228,1648,4305,5,945,10107,0.0934996,245,4060
0,2302,12882,5,10107,945,10.6952,11234,1648,4311,5,945,10107,0.0934996,218,4093
0,2303,12888,5,10107,945,10.6952,11240,1648,4317,5,945,10107,0.0934996,193,4124
0,2304,12894,5,10107,945,10.6952,11246,1648,4323,5,945,10107,0.0934996,173,4150
0,2305,12900,5,10107,945,10.6952,11252,1648,4329,5,945,10107,0.0934996,156,4173
0,2306,12906,5,10107,945,10.6952,11258,1648,4335,5,945,10107,0.0934996,153,4182
0,2307,12912,5,10107,945,10.6952,11264,1648,4341,5,945,10107,0.0934996,139,4202
0,2308,12918,5,10107,945,10.6952,11270,1648,4347,5,945,10107,0.0934996,128,4219
0,2309,12924,5,10107,945,10.6952,11276,1648,4353,5,945,10107,0.0934996,207,4146
0,2310,12930,5,10107,945,10.6952,11282,1648,4359,5,945,10107,0.0934996,185,4174
0,2311,12936,5,10107,945,10.6952,11288,1648,4365,5,945,10107,0.0934996,165,4200
0,2312,12942,5,10107,945,10.6952,11294,1648,4371,5,945,10107,0.0934996,162,4209
0,2313,12948,5,10107,945,10.6952,11300,1648,4377,5,945,10107,0.0934996,146,4231
0,2314,12954,5,10107,945,10.6952,11306,1648,4383,5,945,10107,0.0934996,133,4250
0,2315,12960,5,10107,945,10.6952,11312,1648,4389,5,945,10107,0.0934996,122,4267
0,2316,12966,5,10107,945,10.6952,11318,1648,4395,5,945,10107,0.0934996,167,4228
0,2317,12972,5,10107,945,10.6952,11324,1648,4401,5,945,10107,0.0934996,150,4251
0,2318,12978,5,10107,945,10.6952,11330,1648,4407,5,945,10107,0.0934996,149,4258
0,2319,12984,5,10107,945,10.6952,11336,1648,4413,5,945,10107,0.0934996,207,4206
0,2320,12990,5,10107,945,10.6952,11342,1648,4419,5,945,10107,0.0934996,186,4233
0,2321,12996,5,10107,945,10.6952,11348,1648,4425,5,945,10107,0.0934996,166,4259
0,2322,13002,5,10107,945,10.6952,11354,1648,4431,5,945,10107,0.0934996,150,4281
0,2323,13008,5,10107,945,10.6952,11360,1648,4437,5,945,10107,0.0934996,136,4301
0,2324,13014,5,10107,945,10.6952,11366,1648,4443,5,945,10107,0.0934996,136,4307
0,2325,13020,5,10107,945,10.6952,11372,1648,4449,5,945,10107,0.0934996,125,4324
0,2326,13026,5,10107,945,10.6952,11378,1648,4455,5,945,10107,0.0934996,116,4339
0,2327,13032,5,10107,945,10.6952,11384,1648,4461,5,945,10107,0.0934996,197,4264
0,2328,13038,5,10107,945,10.6952,11390,1648,4467,5,945,10107,0.0934996,177,4290
0,2329,13044,5,10107,945,10.6952,11396,1648,4473,5,945,10107,0.0934996,159,4314
0,2330,13050,5,10107,945,10.6952,11402,1648,4479,5,945,10107,0.0934996,156,4323
0,2331,13056,5,10107,945,10.6952,11408,1648,4485,5,945,10107,0.0934996,141,4344
0,2332,13062,5,10107,945,10.6952,11414,1648,4491,5,945,10107,0.0934996,128,4363
0,2333,13068,5,10107,945,10.6952,11420,1648,4497,5,945,10107,0.0934996,118,4379
0,2334,13074,5,10107,945,10.6952,11426,1648,4503,5,945,10107,0.0934996,164,4339
0,2335,13080,5,10107,945,10.6952,11432,1648,4509,5,945,10107,0.0934996,147,4362
0,2336,13086,5,10107,945,10.6952,11438,1648,4515,5,945,10107,0.0934996,146,4369
0,2337,13092,5,10107,945,10.6952,11444,1648,4521,5,945,10107,0.0934996,205,4316
0,2338,13098,5,10107,945,10.6952,11450,1648,4527,5,945,10107,0.0934996,184,4343
0,2339,13104,5,10107,945,10.6952,11456,1648,4533,5,945,10107,0.0934996,165,4368
0,2340,13110,5,10107,945,10.6952,11462,1648,4539,5,945,10107,0.0934996,149,4390
0,2341,13116,5,10107,945,10.6952,11468,1648,4545,5,945,10107,0.0934996,135,4410
0,2342,13122,5,10107,945,10.6952,11474,1648,4551,5,945,10107,0.0934996,135,4416
0,2343,13128,5,10107,945,10.6952,11480,1648,4557,5,945,10107,0.0934996,124,4433
0,2344,13134,5,10107,945,10.6952,11486,1648,4563,5,945,10107,0.0934996,115,4448
0,2345,13140,5,10107,945,10.6952,11492,1648,4569,5,945,10107,0.0934996,196,4373
0,2346,13146,5,10107,945,10.6952,11498,1648,4575,5,945,10107,0.0934996,176,4399
0,2347,13152,5,10107,945,10.6952,11504,1648,4581,5,945,10107,0.0934996,158,4423
0,2348,13158,5,10107,945,10.6952,11510,1648,4587,5,945,10107,0.0934996,156,4431
0,2349,13164,5,10107,945,10.6952,11516,1648,4593,5,945,10107,0.0934996,141,4452
0,2350,13170,5,10107,945,10.6952,11522,1648,4599,5,945,10107,0.0934996,128,4471
0,2351,13176,5,10107,945,10.6952,11528,1648,4605,5,945,10107,0.0934996,118,4487
0,2352,13182,5,10107,945,10.6952,11534,1648,4611,5,945,10107,0.0934996,164,4447
0,2353,13188,5,10107,945,10.6952,11540,1648,4617,5,945,10107,0.0934996,147,4470
0,2354,13194,5,10107,945,10.6952,11546,1648,4623,5,945,10107,0.0934996,146,4477
0,2355,13200,5,10107,945,10.6952,11519,1681,4629,5,945,10107,0.0934996,205,4424
0,2356,13206,5,10107,945,10.6952,11525,1681,4635,5,945,10107,0.0934996,184,4451
0,2357,13212,5,10107,945,10.6952,11531,1681,4641,5,945,10107,0.0934996,165,4476
0,2358,13218,5,10107,945,10.6952,11537,1681,4647,5,945,10107,0.0934996,149,4498
0,2359,13224,5,10107,945,10.6952,11543,1681,4653,5,945,10107,0.0934996,135,4518
0,2360,13230,5,10107,945,10.6952,11549,1681,4659,5,945,10107,0.0934996,135,4524
0,2361,13236,5,10107,945,10.6952,11555,1681,4665,5,945,10107,0.0934996,124,4541
0,2362,13242,5,10107,945,10.6952,11561,1681,4671,5,945,10107,0.0934996,115,4556
0,2363,13248,5,10107,945,10.6952,11567,1681,4677,5,945,10107,0.0934996,196,4481
0,2364,13254,5,10107,945,10.6952,11500,1754,4683,5,945,10107,0.0934996,176,4507
0,2365,13260,5,10107,945,10.6952,11506,1754,4689,5,945,10107,0.0934996,158,4531
0,2366,13266,5,10107,945,10.6952,11512,1754,4695,5,945,10107,0.0934996,156,4539
0,2367,13272,5,10107,945,10.6952,11518,1754,4701,5,945,10107,0.0934996,141,4560
0,2368,13278,5,10107,945,10.6952,11524,1754,4707,5,945,10107,0.0934996,128,4579
0,2369,13284,5,10107,945,10.6952,11530,1754,4713,5,945,10107,0.0934996,118,4595
0,2370,13290,5,10107,945,10.6952,11536,1754,4719,5,945,10107,0.0934996,164,4555
0,2371,13296,5,10107,945,10.6952,11542,1754,4725,5,945,10107,0.0934996,147,4578
0,2372,13302,5,10107,945,10.6952,11548,1754,4731,5,945,10107,0.0934996,146,4585
0,2373,13308,5,10107,945,10.6952,11554,1754,4737,5,945,10107,0.0934996,205,4532
0,2374,13314,5,10107,945,10.6952,11560,1754,4743,5,945,10107,0.0934996,184,4559
0,2375,13320,5,10107,945,10.6952,11566,1754,4749,5,945,10107,0.0934996,165,4584
0,2376,13326,5,10107,945,10.6952,11572,1754,4755,5,945,10107,0.0934996,149,4606
0,2377,13332,5,10107,945,10.6952,11578,1754,4761,5,945,10107,0.0934996,135,4626
0,2378,13338,5,10107,945,10.6952,11584,1754,4767,5,945,10107,0.0934996,135,4632
0,2379,13344,5,10107,945,10.6952,11590,1754,4773,5,945,10107,0.0934996,124,4649
0,2380,13350,5,10107,945,10.6952,11596,1754,4779,5,945,10107,0.0934996,115,4664
0,2381,13356,5,10107,945,10.6952,11602,1754,4785,5,945,10107,0.0934996,196,4589
0,2382,13362,5,10107,945,10.6952,11608,1754,4791,5,945,10107,0.0934996,176,4615
0,2383,13368,5,10107,945,10.6952,11614,1754,4797,5,945,10107,0.0934996,158,4639
0,2384,13374,5,10107,945,10.6952,11620,1754,4803,5,945,10107,0.0934996,156,4647
0,2385,13380,5,10107,945,10.6952,11626,1754,4809,5,945,10107,0.0934996,141,4668
0,2386,13386,5,10107,945,10.6952,11632,1754,4815,5,945,10107,0.0934996,128,4687
0,2387,13392,5,10107,945,10.6952,11638,1754,4821,5,945,10107,0.0934996,118,4703
0,2388,13398,5,10107,945,10.6952,11644,1754,4827,5,945,10107,0.0934996,164,4663
0,2389,13404,5,10107,945,10.6952,11650,1754,4833,5,945,10107,0.0934996,147,4686
0,2390,13410,5,10107,945,10.6952,11656,1754,4839,5,945,10107,0.0934996,146,4693
0,2391,13416,5,10107,945,10.6952,11662,1754,4845,5,945,10107,0.0934996,205,4640
0,2392,13422,5,10107,945,10.6952,11668,1754,4851,5,945,10107,0.0934996,184,4667
0,2393,13428,5,10107,945,10.6952,11674,1754,4857,5,945,10107,0.0934996,165,4692
0,2394,13434,5,10107,945,10.6952,11680,1754,4863,5,945,10107,0.0934996,149,4714
0,2395,13440,5,10107,945,10.6952,11686,1754,4869,5,945,10107,0.0934996,135,4734
0,2396,13446,5,10107,945,10.6952,11692,1754,4875,5,945,10107,0.0934996,135,4740
0,2397,13452,5,10107,945,10.6952,11679,1773,4881,5,945,10107,0.0934996,124,4757
0,2398,13458,5,10107,945,10.6952,11685,1773,4887,5,945,10107,0.0934996,115,4772
0,2399,13464,5,10107,945,10.6952,11691,1773,4893,5,945,10107,0.0934996,196,4697
0,2400,13470,5,10107,945,10.6952,11610,1860,4899,5,945,10107,0.0934996,176,4723
0,2401,13476,5,10107,945,10.6952,11616,1860,4905,5,945,10107,0.0934996,158,4747
0,2402,13482,5,10107,945,10.6952,11622,1860,4911,5,945,10107,0.0934996,156,4755
0,2403,13488,5,10107,945,10.6952,11628,1860,4917,5,945,10107,0.0934996,141,4776
0,2404,13494,5,10107,945,10.6952,11634,1860,4923,5,945,10107,0.0934996,128,4795
0,2405,13500,5,10107,945,10.6952,11640,1860,4929,5,945,10107,0.0934996,118,4811
0,2406,13506,5,10107,945,10.6952,11646,1860,4935,5,945,10107,0.0934996,164,4771
0,2407,13512,5,10107,945,10.6952,11652,1860,4941,5,945,10107,0.0934996,147,4794
0,2408,13518,5,10107,945,10.6952,11658,1860,4947,5,945,10107,0.0934996,146,4801
0,2409,13524,5,10107,945,10.6952,11664,1860,4953,5,945,10107,0.0934996,205,4748
0,2410,13530,5,10107,945,10.6952,11670,1860,4959,5,945,10107,0.0934996,184,4775
0,2411,13536,5,10107,945,10.6952,11676,1860,4965,5,945,10107,0.0934996,165,4800
0,2412,13542,5,10107,945,10.6952,11682,1860,4971,5,945,10107,0.0934996,149,4822
0,2413,13548,5,10107,945,10.6952,11665,1883,4977,5,945,10107,0.0934996,135,4842
0,2414,13554,5,10107,945,10.6952,11671,1883,4983,5,945,10107,0.0934996,135,4848
0,2415,13560,5,10107,945,10.6952,11677,1883,4989,5,945,10107,0.0934996,124,4865
0,2416,13566,5,10107,945,10.6952,11683,1883,4995,5,945,10107,0.0934996,115,4880
0,2417,13572,5,10107,945,10.6952,11689,1883,5001,5,945,10107,0.0934996,196,4805
0,2418,13578,5,10107,945,10.6952,11612,1966,5007,5,945,10107,0.0934996,176,4831
0,2419,13584,5,10107,945,10.6952,11618,1966,5013,5,945,10107,0.0934996,158,4855
0,2420,13590,5,10107,945,10.6952,11624,1966,5019,5,945,10107,0.0934996,156,4863
0,2421,13596,5,10107,945,10.6952,11630,1966,5025,5,945,10107,0.0934996,141,4884
0,2422,13602,5,10107,945,10.6952,12441,1161,5031,5,945,10107,0.0934996,128,4903
0,2423,13608,5,10107,945,10.6952,12447,1161,5037,5,945,10107,0.0934996,118,4919
0,2424,13614,5,10107,945,10.6952,12453,1161,5043,5,945,10107,0.0934996,164,4879
0,2425,13620,5,10107,945,10.6952,12459,1161,5049,5,945,10107,0.0934996,147,4902
0,2426,13626,5,10107,945,10.6952,12465,1161,5055,5,945,10107,0.0934996,1861,3194
0,2427,13632,5,10107,945,10.6952,10723,2909,5061,5,945,10107,0.0934996,1662,3399
0,2428,13638,5,10107,945,10.6952,10729,2909,5067,5,945,10107,0.0934996,1423,3644
0,2429,13644,5,10107,945,10.6952,10735,2909,5073,5,945,10107,0.0934996,1218,3855
0,2430,13650,5,10107,945,10.6952,10741,2909,5079,5,945,10107,0.0934996,1044,4035
0,2431,13656,5,10107,945,10.6952,10747,2909,5085,5,945,10107,0.0934996,896,4189
0,2432,13662,5,10107,945,10.6952,10753,2909,5091,5,945,10107,0.0934996,782,4309
0,2433,13668,5,10107,945,10.6952,11920,1748,5097,5,945,10107,0.0934996,674,4423
0,2434,13674,5,10107,945,10.6952,11926,1748,5103,5,945,10107,0.0934996,582,4521
0,2435,13680,5,10107,945,10.6952,11932,1748,5109,5,945,10107,0.0934996,593,4516
0,2436,13686,5,10107,945,10.6952,11938,1748,5115,5,945,10107,0.0934996,513,4602
0,2437,13692,5,10107,945,10.6952,11944,1748,5121,5,945,10107,0.0934996,444,4677
0,2438,13698,5,10107,945,10.6952,11950,1748,5127,5,945,10107,0.0934996,399,4728
0,2439,13704,5,10107,945,10.6952,11956,1748,5133,5,945,10107,0.0934996,348,4785
0,2440,13710,5,10107,945,10.6952,11962,1748,5139,5,945,10107,0.0934996,304,4835
0,2441,13716,5,10107,945,10.6952,11968,1748,5145,5,945,10107,0.0934996,267,4878
0,2442,13722,5,10107,945,10.6952,11974,1748,5151,5,945,10107,0.0934996,290,4861
0,2443,13728,5,10107,945,10.6952,11980,1748,5157,5,945,10107,0.0934996,254,4903
0,2444,13734,5,10107,945,10.6952,11986,1748,5163,5,945,10107,0.0934996,237,4926
0,2445,13740,5,10107,945,10.6952,11992,1748,5169,5,945,10107,0.0934996,282,4887
0,2446,13746,5,10107,945,10.6952,11998,1748,5175,5,945,10107,0.0934996,250,4925
0,2447,13752,5,10107,945,10.6952,12004,1748,5181,5,945,10107,0.0934996,221,4960
0,2448,13758,5,10107,945,10.6952,12010,1748,5187,5,945,10107,0.0934996,196,4991
0,2449,13764,5,10107,945,10.6952,12016,1748,5193,5,945,10107,0.0934996,175,5018
0,2450,13770,5,10107,945,10.6952,12022,1748,5199,5,945,10107,0.0934996,169,5030
0,2451,13776,5,10107,945,10.6952,12028,1748,5205,5,945,10107,0.0934996,153,5052
0,2452,13782,5,10107,945,10.6952,12034,1748,5211,5,945,10107,0.0934996,140,5071
0,2453,13788,5,10107,945,10.6952,12040,1748,5217,5,945,10107,0.0934996,217,5000
0,2454,13794,5,10107,945,10.6952,12046,1748,5223,5,945,10107,0.0934996,194,5029
0,2455,13800,5,10107,945,10.6952,12052,1748,5229,5,945,10107,0.0934996,173,5056
0,2456,13806,5,10107,945,10.6952,12058,1748,5235,5,945,10107,0.0934996,168,5067
0,2457,13812,5,10107,945,10.6952,12064,1748,5241,5,945,10107,0.0934996,151,5090
0,2458,13818,5,10107,945,10.6952,12070,1748,5247,5,945,10107,0.0934996,137,5110
0,2459,13824,5,10107,945,10.6952,12076,1748,5253,5,945,10107,0.0934996,125,5128
0,2460,13830,5,10107,945,10.6952,12082,1748,5259,5,945,10107,0.0934996,170,5089
0,2461,13836,5,10107,945,10.6952,12088,1748,5265,5,945,10107,0.0934996,152,5113
0,2462,13842,5,10107,945,10.6952,12094,1748,5271,5,945,10107,0.0934996,150,5121
0,2463,13848,5,10107,945,10.6952,12100,1748,5277,5,945,10107,0.0934996,208,5069
0,2464,13854,5,10107,945,10.6952,12106,1748,5283,5,945,10107,0.0934996,187,5096
0,2465,13860,5,10107,945,10.6952,12112,1748,5289,5,945,10107,0.0934996,167,5122
0,2466,13866,5,10107,945,10.6952,12118,1748,5295,5,945,10107,0.0934996,151,5144
0,2467,13872,5,10107,945,10.6952,12124,1748,5301,5,945,10107,0.0934996,137,5164
0,2468,13878,5,10107,945,10.6952,12130,1748,5307,5,945,10107,0.0934996,137,5170
0,2469,13884,5,10107,945,10.6952,12136,1748,5313,5,945,10107,0.0934996,125,5188
0,2470,13890,5,10107,945,10.6952,12142,1748,5319,5,945,10107,0.0934996,116,5203
0,2471,13896,5,10107,945,10.6952,12148,1748,5325,5,945,10107,0.0934996,197,5128
0,2472,13902,5,10107,945,10.6952,12154,1748,5331,5,945,10107,0.0934996,177,5154
0,2473,13908,5,10107,945,10.6952,12160,1748,5337,5,945,10107,0.0934996,159,5178
0,2474,13914,5,10107,945,10.6952,12166,1748,5343,5,945,10107,0.0934996,156,5187
0,2475,13920,5,10107,945,10.6952,12172,1748,5349,5,945,10107,0.0934996,141,5208
0,2476,13926,5,10107,945,10.6952,12178,1748,5355,5,945,10107,0.0934996,128,5227
0,2477,13932,5,10107,945,10.6952,12184,1748,5361,5,945,10107,0.0934996,118,5243
0,2478,13938,5,10107,945,10.6952,12190,1748,5367,5,945,10107,0.0934996,164,5203
0,2479,13944,5,10107,945,10.6952,12196,1748,5373,5,945,10107,0.0934996,147,5226
0,2480,13950,5,10107,945,10.6952,12202,1748,5379,5,945,10107,0.0934996,146,5233
0,2481,13956,5,10107,945,10.6952,12208,1748,5385,5,945,10107,0.0934996,205,5180
0,2482,13962,5,10107,945,10.6952,12214,1748,5391,5,945,10107,0.0934996,184,5207
0,2483,13968,5,10107,945,10.6952,12220,1748,5397,5,945,10107,0.0934996,165,5232
0,2484,13974,5,10107,945,10.6952,12226,1748,5403,5,945,10107,0.0934996,149,5254
0,2485,13980,5,10107,945,10.6952,12232,1748,5409,5,945,10107,0.0934996,135,5274
0,2486,13986,5,10107,945,10.6952,12238,1748,5415,5,945,10107,0.0934996,135,5280
0,2487,13992,5,10107,945,10.6952,12244,1748,5421,5,945,10107,0.0934996,124,5297
0,2488,13998,5,10107,945,10.6952,12250,1748,5427,5,945,10107,0.0934996,115,5312
0,2489,14004,5,10107,945,10.6952,12256,1748,5433,5,945,10107,0.0934996,196,5237
0,2490,14010,5,10107,945,10.6952,12262,1748,5439,5,945,10107,0.0934996,176,5263
0,2491,14016,5,10107,945,10.6952,12268,1748,5445,5,945,10107,0.0934996,158,5287
0,2492,14022,5,10107,945,10.6952,12274,1748,5451,5,945,10107,0.0934996,156,5295
0,2493,14028,5,10107,945,10.6952,12280,1748,5457,5,945,10107,0.0934996,141,5316
0,2494,14034,5,10107,945,10.6952,12286,1748,5463,5,945,10107,0.0934996,128,5335
0,2495,14040,5,10107,945,10.6952,12292,1748,5469,5,945,10107,0.0934996,118,5351
0,2496,14046,5,10107,945,10.6952,12298,1748,5475,5,945,10107,0.0934996,164,5311
0,2497,14052,5,10107,945,10.6952,12304,1748,5481,5,945,10107,0.0934996,147,5334
0,2498,14058,5,10107,945,10.6952,12310,1748,5487,5,945,10107,0.0934996,146,5341
0,2499,14064,5,10107,945,10.6952,12316,1748,5493,5,945,10107,0.0934996,205,5288
0,2500,14070,5,10107,945,10.6952,12322,1748,5499,5,945,10107,0.0934996,184,5315
0,2501,14076,5,10107,945,10.6952,12328,1748,5505,5,945,10107,0.0934996,165,5340
0,2502,14082,5,10107,945,10.6952,12334,1748,5511,5,945,10107,0.0934996,149,5362
0,2503,14088,5,10107,945,10.6952,12340,1748,5517,5,945,10107,0.0934996,135,5382
0,2504,14094,5,10107,945,10.6952,12346,1748,5523,5,945,10107,0.0934996,135,5388
0,2505,14100,5,10107,945,10.6952,12352,1748,5529,5,945,10107,0.0934996,124,5405
0,2506,14106,5,10107,945,10.6952,12358,1748,5535,5,945,10107,0.0934996,115,5420
0,2507,14112,5,10107,945,10.6952,12364,1748,5541,5,945,10107,0.0934996,196,5345
0,2508,14118,5,10107,945,10.6952,12370,1748,5547,5,945,10107,0.0934996,176,5371
0,2509,14124,5,10107,945,10.6952,12376,1748,5553,5,945,10107,0.0934996,158,5395
0,2510,14130,5,10107,945,10.6952,12382,1748,5559,5,945,10107,0.0934996,156,5403
0,2511,14136,5,10107,945,10.6952,12388,1748,5565,5,945,10107,0.0934996,141,5424
0,2512,14142,5,10107,945,10.6952,12394,1748,5571,5,945,10107,0.0934996,128,5443
0,2513,14148,5,10107,945,10.6952,12400,1748,5577,5,945,10107,0.0934996,118,5459
0,2514,14154,5,10107,945,10.6952,12406,1748,5583,5,945,10107,0.0934996,164,5419
0,2515,14160,5,10107,945,10.6952,12412,1748,5589,5,945,10107,0.0934996,147,5442
0,2516,14166,5,10107,945,10.6952,12418,1748,5595,5,945,10107,0.0934996,146,5449
0,2517,14172,5,10107,945,10.6952,12424,1748,5601,5,945,10107,0.0934996,205,5396
0,2518,14178,5,10107,945,10.6952,12430,1748,5607,5,945,10107,0.0934996,184,5423
0,2519,14184,5,10107,945,10.6952,12436,1748,5613,5,945,10107,0.0934996,165,5448
0,2520,14190,5,10107,945,10.6952,12442,1748,5619,5,945,10107,0.0934996,149,5470
0,2521,14196,5,10107,945,10.6952,12448,1748,5625,5,945,10107,0.0934996,135,5490
0,2522,14202,5,10107,945,10.6952,12454,1748,5631,5,945,10107,0.0934996,135,5496
0,2523,14208,5,10107,945,10.6952,12460,1748,5637,5,945,10107,0.0934996,124,5513
0,2524,14214,5,10107,945,10.6952,12466,1748,5643,5,945,10107,0.0934996,115,5528
0,2525,14220,5,10107,945,10.6952,12472,1748,5649,5,945,10107,0.0934996,196,5453
0,2526,14226,5,10107,945,10.6952,12478,1748,5655,5,945,10107,0.0934996,176,5479
0,2527,14232,5,10107,945,10.6952,12484,1748,5661,5,945,10107,0.0934996,158,5503
0,2528,14238,5,10107,945,10.6952,12490,1748,5667,5,945,10107,0.0934996,156,5511
0,2529,14244,5,10107,945,10.6952,12496,1748,5673,5,945,10107,0.0934996,141,5532
0,2530,14250,5,10107,945,10.6952,12502,1748,5679,5,945,10107,0.0934996,128,5551
0,2531,14256,5,10107,945,10.6952,12508,1748,5685,5,945,10107,0.0934996,118,5567
0,2532,14262,5,10107,945,10.6952,12514,1748,5691,5,945,10107,0.0934996,164,5527
0,2533,14268,5,10107,945,10.6952,12520,1748,5697,5,945,10107,0.0934996,147,5550
0,2534,14274,5,10107,945,10.6952,12526,1748,5703,5,945,10107,0.0934996,146,5557
0,2535,14280,5,10107,945,10.6952,12532,1748,5709,5,945,10107,0.0934996,205,5504
0,2536,14286,5,10107,945,10.6952,12538,1748,5715,5,945,10107,0.0934996,184,5531
0,2537,14292,5,10107,945,10.6952,12544,1748,5721,5,945,10107,0.0934996,165,5556
0,2538,14298,5,10107,945,10.6952,12550,1748,5727,5,945,10107,0.0934996,149,5578
0,2539,14304,5,10107,945,10.6952,12556,1748,5733,5,945,10107,0.0934996,135,5598
0,2540,14310,5,10107,945,10.6952,12562,1748,5739,5,945,10107,0.0934996,135,5604
0,2541,14316,5,10107,945,10.6952,12568,1748,5745,5,945,10107,0.0934996,124,5621
0,2542,14322,5,10107,945,10.6952,12574,1748,5751,5,945,10107,0.0934996,115,5636
0,2543,14328,5,10107,945,10.6952,12580,1748,5757,5,945,10107,0.0934996,196,5561
0,2544,14334,5,10107,945,10.6952,12586,1748,5763,5,945,10107,0.0934996,176,5587
0,2545,14340,5,10107,945,10.6952,12592,1748,5769,5,945,10107,0.0934996,158,5611
0,2546,14346,5,10107,945,10.6952,12598,1748,5775,5,945,10107,0.0934996,156,5619
0,2547,14352,5,10107,945,10.6952,12604,1748,5781,5,945,10107,0.0934996,141,5640
0,2548,14358,5,10107,945,10.6952,12610,1748,5787,5,945,10107,0.0934996,128,5659
0,2549,14364,5,10107,945,10.6952,12616,1748,5793,5,945,10107,0.0934996,118,5675
0,2550,14370,5,10107,945,10.6952,12622,1748,5799,5,945,10107,0.0934996,164,5635
0,2551,14376,5,10107,945,10.6952,12628,1748,5805,5,945,10107,0.0934996,147,5658
0,2552,14382,5,10107,945,10.6952,12634,1748,5811,5,945,10107,0.0934996,146,5665
0,2553,14388,5,10107,945,10.6952,12640,1748,5817,5,945,10107,0.0934996,205,5612
0,2554,14394,5,10107,945,10.6952,12646,1748,5823,5,945,10107,0.0934996,184,5639
0,2555,14400,5,10107,945,10.6952,12652,1748,5829,5,945,10107,0.0934996,165,5664
0,2556,14406,5,10107,945,10.6952,12658,1748,5835,5,945,10107,0.0934996,149,5686
0,2557,14412,5,10107,945,10.6952,12664,1748,5841,5,945,10107,0.0934996,135,5706
0,2558,14418,5,10107,945,10.6952,12670,1748,5847,5,945,10107,0.0934996,135,5712
0,2559,14424,5,10107,945,10.6952,12676,1748,5853,5,945,10107,0.0934996,124,5729
0,2560,14430,5,10107,945,10.6952,12682,1748,5859,5,945,10107,0.0934996,115,5744
0,2561,14436,5,10107,945,10.6952,12688,1748,5865,5,945,10107,0.0934996,196,5669
0,2562,14442,5,10107,945,10.6952,12694,1748,5871,5,945,10107,0.0934996,176,5695
0,2563,14448,5,10107,945,10.6952,12700,1748,5877,5,945,10107,0.0934996,158,5719
0,2564,14454,5,10107,945,10.6952,12706,1748,5883,5,945,10107,0.0934996,156,5727
0,2565,14460,5,10107,945,10.6952,12712,1748,5889,5,945,10107,0.0934996,141,5748
0,2566,14466,5,10107,945,10.6952,12718,1748,5895,5,945,10107,0.0934996,128,5767
0,2567,14472,5,10107,945,10.6952,12724,1748,5901,5,945,10107,0.0934996,118,5783
0,2568,14478,5,10107,945,10.6952,12730,1748,5907,5,945,10107,0.0934996,164,5743
0,2569,14484,5,10107,945,10.6952,12736,1748,5913,5,945,10107,0.0934996,147,5766
0,2570,14490,5,10107,945,10.6952,12742,1748,5919,5,945,10107,0.0934996,146,5773
0,2571,14496,5,10107,945,10.6952,12748,1748,5925,5,945,10107,0.0934996,205,5720
0,2572,14502,5,10107,945,10.6952,12754,1748,5931,5,945,10107,0.0934996,184,5747
0,2573,14508,5,10107,945,10.6952,12760,1748,5937,5,945,10107,0.0934996,165,5772
0,2574,14514,5,10107,945,10.6952,12766,1748,5943,5,945,10107,0.0934996,149,5794
0,2575,14520,5,10107,945,10.6952,12772,1748,5949,5,945,10107,0.0934996,135,5814
0,2576,14527,6,10124,945,10.7132,14527,0,5937,4,945,10124,0.0933426,117,5820
0,2577,14493,5,10136,985,10.2904,14448,45,5930,4,985,10136,0.0971784,4306,1624
0,2578,14459,5,10149,1025,9.90146,10258,4201,5922,4,1025,10149,0.100995,4293,1629
0,2579,14424,5,10161,1066,9.53189,6064,8360,5915,4,1066,10161,0.104911,4365,1550
0,2580,14389,5,10173,1107,9.1897,1920,12469,5908,4,1107,10173,0.108817,4348,1560
0,2581,14354,5,10184,1148,8.87108,1557,12797,5902,4,1148,10184,0.112726,4333,1569
0,2582,14319,5,10196,1189,8.57527,1516,12803,5895,4,1189,10196,0.116614,4330,1565
0,2583,14284,5,10206,1230,8.29756,1475,12809,5890,4,1230,10206,0.120517,4316,1574
0,2584,14249,5,10217,1271,8.03855,1434,12815,5884,4,1271,10217,0.124401,4302,1582
0,2585,14215,5,10227,1311,7.80092,1394,12821,5879,4,1311,10227,0.12819,4289,1590
0,2586,14180,5,10236,1352,7.57101,1353,12827,5875,4,1352,10236,0.132083,4332,1543
0,2587,14146,5,10246,1392,7.36063,1313,12833,5870,4,1392,10246,0.135858,4320,1550
0,2588,14111,5,10255,1433,7.15632,1272,12839,5866,4,1433,10255,0.139737,4322,1544
0,2589,14077,5,10263,1473,6.96741,1232,12845,5863,4,1473,10263,0.143525,4364,1499
0,2590,14042,5,10271,1514,6.78402,1191,12851,5860,4,1514,10271,0.147405,4354,1506
0,2591,14008,5,10279,1554,6.61454,1151,12857,5857,4,1554,10279,0.151182,4344,1513
0,2592,13974,5,10286,1594,6.45295,1111,12863,5855,4,1594,10286,0.154968,4336,1519
0,2593,13939,5,10293,1635,6.29541,1070,12869,5853,4,1635,10293,0.158846,4328,1525
0,2594,13905,5,10299,1675,6.14866,1030,12875,5852,4,1675,10299,0.162637,4334,1518
0,2595,13871,5,10305,1715,6.00875,990,12881,5851,4,1715,10305,0.166424,4326,1525
0,2596,13836,5,10311,1756,5.87187,949,12887,5850,4,1756,10311,0.170304,4319,1531
0,2597,13801,5,10316,1797,5.74068,908,12893,5850,4,1797,10316,0.174195,4403,1447
0,2598,13766,5,10321,1838,5.61534,867,12899,5850,4,1838,10321,0.178084,4397,1453
0,2599,13731,5,10325,1879,5.49494,826,12905,5851,4,1879,10325,0.181985,4392,1459
0,2600,13696,5,10329,1920,5.37969,785,12911,5852,4,1920,10329,0.185884,4400,1452
0,2601,13661,5,10333,1961,5.26925,744,12917,5853,4,1961,10333,0.18978,4394,1459
0,2602,13626,5,10336,2002,5.16284,703,12923,5855,4,2002,10336,0.193692,4390,1465
0,2603,13591,5,10339,2043,5.0607,662,12929,5857,4,2043,10339,0.197601,4386,1471
0,2604,13556,5,10341,2084,4.96209,621,12935,5860,4,2084,10341,0.201528,4437,1423
0,2605,13521,5,10343,2125,4.86729,580,12941,5863,4,2125,10343,0.205453,4434,1429
0,2606,13485,5,10344,2167,4.77342,538,12947,5867,4,2167,10344,0.209493,4445,1422
0,2607,13450,5,10346,2208,4.68569,497,12953,5870,4,2208,10346,0.213416,4513,1357
0,2608,13415,5,10346,2249,4.60027,456,12959,5875,4,2249,10346,0.217379,4512,1363
0,2609,13380,5,10347,2290,4.51834,415,12965,5879,4,2290,10347,0.22132,4510,1369
0,2610,13345,5,10347,2331,4.43887,374,12971,5884,4,2331,10347,0.225283,4509,1375
0,2611,13309,5,10347,2373,4.3603,332,12977,5889,4,2373,10347,0.229342,4508,1381
0,2612,13274,5,10347,2414,4.28625,291,12983,5894,4,2414,10347,0.233304,4520,1374
0,2613,13238,5,10347,2456,4.21295,249,12989,5899,4,2456,10347,0.237363,4518,1381
0,2614,13203,5,10347,2497,4.14377,208,12995,5904,4,2497,10347,0.241326,4517,1387
0,2615,13167,5,10347,2539,4.07523,166,13001,5909,4,2539,10347,0.245385,4606,1303
0,2616,13130,5,10347,2582,4.00736,123,13007,5914,4,2582,10347,0.249541,4605,1309
0,2617,13094,5,10347,2624,3.94322,81,13013,5919,4,2624,10347,0.2536,4604,1315
0,2618,13057,5,10347,2667,3.87964,38,13019,5924,4,2667,10347,0.257756,4616,1308
0,2619,13036,5,10347,2694,3.84076,11,13025,5930,5,2694,10347,0.260365,4615,1315
0,2620,13042,5,10347,2694,3.84076,17,13025,5936,5,2694,10347,0.260365,4613,1323
0,2621,13048,5,10347,2694,3.84076,23,13025,5942,5,2694,10347,0.260365,4568,1374
0,2622,13054,5,10347,2694,3.84076,29,13025,5948,5,2694,10347,0.260365,4583,1365
0,2623,13060,5,10347,2694,3.84076,35,13025,5954,5,2694,10347,0.260365,4541,1413
0,2624,13066,5,10347,2694,3.84076,41,13025,5960,5,2694,10347,0.260365,4518,1442
0,2625,13072,5,10347,2694,3.84076,47,13025,5966,5,2694,10347,0.260365,4558,1408
0,2626,13078,5,10347,2694,3.84076,53,13025,5972,5,2694,10347,0.260365,4521,1451
0,2627,13084,5,10347,2694,3.84076,59,13025,5978,5,2694,10347,0.260365,4489,1489
0,2628,13090,5,10347,2694,3.84076,65,13025,5984,5,2694,10347,0.260365,4462,1522
0,2629,13096,5,10347,2694,3.84076,71,13025,5990,5,2694,10347,0.260365,4439,1551
0,2630,13102,5,10347,2694,3.84076,77,13025,5996,5,2694,10347,0.260365,4432,1564
0,2631,13108,5,10347,2694,3.84076,83,13025,6002,5,2694,10347,0.260365,4413,1589
0,2632,13114,5,10347,2694,3.84076,89,13025,6008,5,2694,10347,0.260365,4398,1610
0,2633,13120,5,10347,2694,3.84076,95,13025,6014,5,2694,10347,0.260365,4475,1539
0,2634,13126,5,10347,2694,3.84076,101,13025,6020,5,2694,10347,0.260365,4463,1557
0,2635,13132,5,10347,2694,3.84076,107,13025,6026,5,2694,10347,0.260365,4453,1573
0,2636,13138,5,10347,2694,3.84076,113,13025,6032,5,2694,10347,0.260365,4457,1575
0,2637,13144,5,10347,2694,3.84076,119,13025,6038,5,2694,10347,0.260365,4448,1590
0,2638,13150,5,10347,2694,3.84076,125,13025,6044,5,2694,10347,0.260365,4441,1603
0,2639,13156,5,10347,2694,3.84076,131,13025,6050,5,2694,10347,0.260365,4435,1615
0,2640,13162,5,10347,2694,3.84076,137,13025,6056,5,2694,10347,0.260365,4483,1573
0,2641,13168,5,10347,2694,3.84076,143,13025,6062,5,2694,10347,0.260365,4470,1592
0,2642,13174,5,10347,2694,3.84076,144,13030,6068,5,2694,10347,0.260365,4472,1596
0,2643,13180,5,10347,2694,3.84076,93,13087,6074,5,2694,10347,0.260365,4533,1541
0,2644,13186,5,10347,2694,3.84076,36,13150,6080,5,2694,10347,0.260365,4513,1567
0,2645,13192,5,10347,2694,3.84076,37,13155,6086,5,2694,10347,0.260365,4496,1590
0,2646,13198,5,10347,2694,3.84076,38,13160,6092,5,2694,10347,0.260365,4481,1611
0,2647,13204,5,10347,2694,3.84076,39,13165,6098,5,2694,10347,0.260365,4468,1630
0,2648,13210,5,10347,2694,3.84076,40,13170,6104,5,2694,10347,0.260365,4470,1634
0,2649,13216,5,10347,2694,3.84076,41,13175,6110,5,2694,10347,0.260365,4459,1651
0,2650,13222,5,10347,2694,3.84076,42,13180,6116,5,2694,10347,0.260365,4450,1666
0,2651,13228,5,10347,2694,3.84076,43,13185,6122,5,2694,10347,0.260365,4532,1590
0,2652,13234,5,10347,2694,3.84076,44,13190,6128,5,2694,10347,0.260365,4525,1603
0,2653,13240,5,10347,2694,3.84076,45,13195,6134,5,2694,10347,0.260365,4519,1615
0,2654,13246,5,10347,2694,3.84076,46,13200,6140,5,2694,10347,0.260365,4527,1613
0,2655,13252,5,10347,2694,3.84076,47,13205,6146,5,2694,10347,0.260365,4521,1625
0,2656,13258,5,10347,2694,3.84076,48,13210,6152,5,2694,10347,0.260365,4517,1635
0,2657,13264,5,10347,2694,3.84076,49,13215,6158,5,2694,10347,0.260365,4513,1645
0,2658,13270,5,10347,2694,3.84076,50,13220,6164,5,2694,10347,0.260365,4528,1636
0,2659,13276,5,10347,2694,3.84076,51,13225,6170,5,2694,10347,0.260365,4516,1654
0,2660,13282,5,10347,2694,3.84076,52,13230,6176,5,2694,10347,0.260365,4518,1658
0,2661,13288,5,10347,2694,3.84076,53,13235,6182,5,2694,10347,0.260365,4579,1603
0,2662,13294,5,10347,2694,3.84076,54,13240,6188,5,2694,10347,0.260365,4558,1630
0,2663,13300,5,10347,2694,3.84076,55,13245,6194,5,2694,10347,0.260365,4541,1653
0,2664,13306,5,10347,2694,3.84076,56,13250,6200,5,2694,10347,0.260365,4527,1673
0,2665,13312,5,10347,2694,3.84076,57,13255,6206,5,2694,10347,0.260365,4515,1691
0,2666,13318,5,10347,2694,3.84076,58,13260,6212,5,2694,10347,0.260365,4517,1695
0,2667,13324,5,10347,2694,3.84076,59,13265,6218,5,2694,10347,0.260365,4572,1646
0,2668,13330,5,10347,2694,3.84076,60,13270,6224,5,2694,10347,0.260365,4554,1670
0,2669,13336,5,10347,2694,3.84076,61,13275,6230,5,2694,10347,0.260365,4628,1602
0,2670,13342,5,10347,2694,3.84076,62,13280,6236,5,2694,10347,0.260365,4614,1622
0,2671,13348,5,10347,2694,3.84076,63,13285,6242,5,2694,10347,0.260365,4602,1640
0,2672,13354,5,10347,2694,3.84076,64,13290,6248,5,2694,10347,0.260365,4605,1643
0,2673,13360,5,10347,2694,3.84076,65,13295,6254,5,2694,10347,0.260365,4594,1660
0,2674,13366,5,10347,2694,3.84076,66,13300,6260,5,2694,10347,0.260365,4586,1674
0,2675,13372,5,10347,2694,3.84076,67,13305,6266,5,2694,10347,0.260365,4579,1687
0,2676,13378,5,10347,2694,3.84076,68,13310,6272,5,2694,10347,0.260365,4626,1646
0,2677,13384,5,10347,2694,3.84076,69,13315,6278,5,2694,10347,0.260365,4612,1666
0,2678,13390,5,10347,2694,3.84076,70,13320,6284,5,2694,10347,0.260365,4613,1671
0,2679,13396,5,10347,2694,3.84076,71,13325,6290,5,2694,10347,0.260365,4673,1617
0,2680,13402,5,10347,2694,3.84076,72,13330,6296,5,2694,10347,0.260365,4652,1644
0,2681,13408,5,10347,2694,3.84076,73,13335,6302,5,2694,10347,0.260365,4635,1667
0,2682,13414,5,10347,2694,3.84076,74,13340,6308,5,2694,10347,0.260365,4620,1688
0,2683,13420,5,10347,2694,3.84076,75,13345,6314,5,2694,10347,0.260365,4607,1707
0,2684,13426,5,10347,2694,3.84076,76,13350,6320,5,2694,10347,0.260365,4608,1712
0,2685,13432,5,10347,2694,3.84076,77,13355,6326,5,2694,10347,0.260365,4597,1729
0,2686,13438,5,10347,2694,3.84076,78,13360,6332,5,2694,10347,0.260365,4589,1743
0,2687,13444,5,10347,2694,3.84076,79,13365,6338,5,2694,10347,0.260365,4582,1756
0,2688,13450,5,10347,2694,3.84076,80,13370,6344,5,2694,10347,0.260365,4707,1637
0,2689,13456,5,10347,2694,3.84076,81,13375,6350,5,2694,10347,0.260365,4701,1649
0,2690,13462,5,10347,2694,3.84076,82,13380,6356,5,2694,10347,0.260365,4639,1717
0,2691,13468,5,10347,2694,3.84076,83,13385,6362,5,2694,10347,0.260365,4633,1729
0,2692,13474,5,10347,2694,3.84076,84,13390,6368,5,2694,10347,0.260365,4628,1740
0,2693,13480,5,10347,2694,3.84076,85,13395,6374,5,2694,10347,0.260365,4623,1751
0,2694,13486,5,10347,2694,3.84076,86,13400,6380,5,2694,10347,0.260365,4673,1707
0,2695,13492,5,10347,2694,3.84076,87,13405,6386,5,2694,10347,0.260365,4661,1725
0,2696,13498,5,10347,2694,3.84076,88,13410,6392,5,2694,10347,0.260365,4664,1728
0,2697,13504,5,10347,2694,3.84076,89,13415,6398,5,2694,10347,0.260365,4726,1672
0,2698,13510,5,10347,2694,3.84076,90,13420,6404,5,2694,10347,0.260365,4707,1697
0,2699,13516,5,10347,2694,3.84076,91,13425,6410,5,2694,10347,0.260365,4691,1719
0,2700,13522,5,10347,2694,3.84076,92,13430,6416,5,2694,10347,0.260365,4677,1739
0,2701,13528,5,10347,2694,3.84076,93,13435,6422,5,2694,10347,0.260365,4665,1757
0,2702,13534,5,10347,2694,3.84076,94,13440,6428,5,2694,10347,0.260365,4667,1761
0,2703,13540,5,10347,2694,3.84076,95,13445,6434,5,2694,10347,0.260365,4657,1777
0,2704,13546,5,10347,2694,3.84076,96,13450,6440,5,2694,10347,0.260365,4649,1791
0,2705,13552,5,10347,2694,3.84076,97,13455,6446,5,2694,10347,0.260365,4642,1804
0,2706,13558,5,10347,2694,3.84076,98,13460,6452,5,2694,10347,0.260365,4635,1817
0,2707,13564,5,10347,2694,3.84076,99,13465,6458,5,2694,10347,0.260365,4629,1829
0,2708,13570,5,10347,2694,3.84076,100,13470,6464,5,2694,10347,0.260365,4547,1917
0,2709,13576,5,10347,2694,3.84076,101,13475,6470,5,2694,10347,0.260365,4541,1929
0,2710,13582,5,10347,2694,3.84076,102,13480,6476,5,2694,10347,0.260365,4537,1939
0,2711,13588,5,10347,2694,3.84076,103,13485,6482,5,2694,10347,0.260365,4533,1949
0,2712,13594,5,10347,2694,3.84076,104,13490,6488,5,2694,10347,0.260365,4583,1905
0,2713,13600,5,10347,2694,3.84076,105,13495,6494,5,2694,10347,0.260365,4571,1923
0,2714,13606,5,10347,2694,3.84076,106,13500,6500,5,2694,10347,0.260365,4574,1926
0,2715,13612,5,10347,2694,3.84076,107,13505,6506,5,2694,10347,0.260365,4564,1942
0,2716,13618,5,10347,2694,3.84076,108,13510,6512,5,2694,10347,0.260365,4556,1956
0,2717,13624,5,10347,2694,3.84076,109,13515,6518,5,2694,10347,0.260365,4549,1969
0,2718,13630,5,10347,2694,3.84076,110,13520,6524,5,2694,10347,0.260365,4745,1779
0,2719,13636,5,10347,2694,3.84076,111,13525,6530,5,2694,10347,0.260365,4739,1791
0,2720,13642,5,10347,2694,3.84076,112,13530,6536,5,2694,10347,0.260365,4747,1789
0,2721,13648,5,10347,2694,3.84076,113,13535,6542,5,2694,10347,0.260365,4741,1801
0,2722,13654,5,10347,2694,3.84076,114,13540,6548,5,2694,10347,0.260365,4737,1811
0,2723,13660,5,10347,2694,3.84076,115,13545,6554,5,2694,10347,0.260365,4678,1876
0,2724,13666,5,10347,2694,3.84076,116,13550,6560,5,2694,10347,0.260365,4674,1886
0,2725,13672,5,10347,2694,3.84076,117,13555,6566,5,2694,10347,0.260365,4671,1895
0,2726,13678,5,10347,2694,3.84076,118,13560,6572,5,2694,10347,0.260365,4573,1999
0,2727,13649,5,10428,2729,3.82118,9305,4344,6496,4,2729,10428,0.261699,4378,2118
0,2728,13616,5,10509,2768,3.7966,10830,2786,6420,4,2768,10509,0.263393,4731,1689
0,2729,13584,5,10590,2806,3.77406,10028,3556,6344,4,2806,10590,0.264967,4648,1696
0,2730,13553,5,10670,2843,3.75308,8471,5082,6269,4,2843,10670,0.266448,4621,1648
0,2731,13523,5,10750,2879,3.73394,8435,5088,6194,4,2879,10750,0.267814,4540,1654
0,2732,13493,5,10830,2915,3.71527,8399,5094,6119,4,2915,10830,0.26916,4472,1647
0,2733,13464,5,10910,2950,3.69831,8364,5100,6044,4,2950,10910,0.270394,4390,1654
0,2734,13436,5,10989,2984,3.68264,8330,5106,5970,4,2984,10989,0.271544,4310,1660
0,2735,13408,5,11068,3018,3.66733,8296,5112,5896,4,3018,11068,0.272678,4230,1666
0,2736,13382,5,11147,3050,3.65475,8264,5118,5822,4,3050,11147,0.273616,4150,1672
0,2737,13356,5,11225,3082,3.64212,8232,5124,5749,4,3082,11225,0.274566,4071,1678
0,2738,13331,5,11304,3113,3.63122,8201,5130,5675,4,3113,11304,0.275389,4004,1671
0,2739,13306,5,11382,3144,3.62023,8170,5136,5602,4,3144,11382,0.276226,3924,1678
0,2740,13282,5,11459,3174,3.61027,8140,5142,5530,4,3174,11459,0.276988,3846,1684
0,2741,13260,5,11537,3202,3.60306,8112,5148,5457,4,3202,11537,0.277542,3767,1690
0,2742,13237,5,11614,3231,3.59455,8083,5154,5385,4,3231,11614,0.278199,3689,1696
0,2743,13216,5,11692,3258,3.5887,8056,5160,5312,4,3258,11692,0.278652,3610,1702
0,2744,13195,5,11769,3285,3.58265,8029,5166,5240,4,3285,11769,0.279123,3545,1695
0,2745,13175,5,11845,3311,3.57747,8003,5172,5169,4,3311,11845,0.279527,3539,1630
0,2746,13156,5,11922,3336,3.57374,7978,5178,5097,4,3336,11922,0.279819,3461,1636
0,2747,13138,5,11998,3360,3.57083,7954,5184,5026,4,3360,11998,0.280047,3384,1642
0,2748,13120,5,12075,3384,3.56826,7930,5190,4954,4,3384,12075,0.280248,3360,1594
0,2749,13103,5,12151,3407,3.56648,7907,5196,4883,4,3407,12151,0.280388,3283,1600
0,2750,13087,5,12227,3429,3.56576,7885,5202,4812,4,3429,12227,0.280445,3219,1593
0,2751,13071,5,12302,3451,3.56476,7863,5208,4742,4,3451,12302,0.280523,3142,1600
0,2752,13056,5,12378,3472,3.56509,7842,5214,4671,4,3472,12378,0.280498,3065,1606
0,2753,13042,5,12454,3492,3.56644,7822,5220,4600,4,3492,12454,0.280392,2988,1612
0,2754,13029,5,12529,3511,3.5685,7803,5226,4530,4,3511,12529,0.28023,2912,1618
0,2755,13016,5,12604,3530,3.57054,7784,5232,4460,4,3530,12604,0.28007,2836,1624
0,2756,13005,5,12680,3547,3.57485,7767,5238,4389,4,3547,12680,0.279732,2772,1617
0,2757,12994,5,12755,3564,3.57884,7750,5244,4319,4,3564,12755,0.27942,2695,1624
0,2758,12983,5,12830,3581,3.5828,7733,5250,4249,4,3581,12830,0.279111,2621,1628
0,2759,12974,5,12904,3596,3.58843,7718,5256,4180,4,3596,12904,0.278673,2630,1550
0,2760,12965,5,12979,3611,3.5943,7703,5262,4110,4,3611,12979,0.278219,2510,1600
0,2761,12956,5,13054,3626,3.60011,7688,5268,4040,4,3626,13054,0.277769,2397,1643
0,2762,12949,5,13129,3639,3.60786,7675,5274,3970,4,3639,13129,0.277173,2302,1668
0,2763,12942,5,13203,3652,3.61528,7662,5280,3901,4,3652,13203,0.276604,2198,1703
0,2764,12936,5,13278,3664,3.62391,7650,5286,3831,4,3664,13278,0.275945,2123,1708
0,2765,12931,5,13352,3675,3.6332,7639,5292,3762,4,3675,13352,0.27524,2029,1733
0,2766,12927,5,13427,3685,3.64369,7629,5298,3692,4,3685,13427,0.274447,2008,1684
0,2767,12923,5,13501,3695,3.65386,7619,5304,3623,4,3695,13501,0.273683,1904,1719
0,2768,12920,5,13576,3704,3.66523,7719,5201,3553,4,3704,13576,0.272834,1816,1737
0,2769,12918,5,13650,3712,3.67726,7602,5316,3484,4,3712,13650,0.271941,1921,1563
0,2770,12916,5,13724,3720,3.68925,7594,5322,3415,4,3720,13724,0.271058,1794,1621
0,2771,12915,5,13799,3727,3.70244,7587,5328,3345,4,3727,13799,0.270092,1673,1672
0,2772,12915,5,13873,3733,3.71631,7800,5115,3276,4,3733,13873,0.269084,1560,1716
0,2773,12916,5,13948,3738,3.73141,7576,5340,3206,4,3738,13948,0.267995,1454,1752
0,2774,12917,5,14022,3743,3.74619,7571,5346,3137,4,3743,14022,0.266938,1367,1770
0,2775,12919,5,14097,3747,3.76221,7567,5352,3067,4,3747,14097,0.265801,1269,1798
0,2776,12922,5,14171,3750,3.77893,7564,5358,2998,4,3750,14171,0.264625,1176,1822
0,2777,12926,5,14246,3752,3.79691,7562,5364,2928,4,3752,14246,0.263372,1085,1843
0,2778,12930,5,14320,3754,3.8146,7560,5370,2859,4,3754,14320,0.262151,997,1862
0,2779,12935,5,14395,3755,3.83356,7559,5376,2789,4,3755,14395,0.260854,910,1879
0,2780,12941,5,14469,3755,3.85326,7559,5382,2720,4,3755,14469,0.25952,838,1882
0,2781,12947,5,14544,3755,3.87324,7559,5388,2650,4,3755,14544,0.258182,753,1897
0,2782,12953,5,14619,3755,3.89321,7753,5200,2580,4,3755,14619,0.256858,842,1738
0,2783,12959,5,14694,3755,3.91318,7559,5400,2510,4,3755,14694,0.255546,730,1780
0,2784,12965,5,14769,3755,3.93316,7559,5406,2440,4,3755,14769,0.254249,677,1763
0,2785,12971,5,14844,3755,3.95313,7559,5412,2370,4,3755,14844,0.252964,567,1803
0,2786,12977,5,14919,3755,3.9731,7559,5418,2300,4,3755,14919,0.251692,475,1825
0,2787,12983,5,14995,3755,3.99334,7565,5418,2229,4,3755,14995,0.250417,372,1857
0,2788,12989,5,15070,3755,4.01332,7571,5418,2159,4,3755,15070,0.249171,274,1885
0,2789,12995,5,15145,3755,4.03329,7577,5418,2089,4,3755,15145,0.247937,180,1909
0,2790,13002,6,15165,3755,4.03862,7584,5418,2074,4,3755,15165,0.24761,143,1931
0,2791,13009,6,15165,3755,4.03862,7586,5423,2079,4,3755,15165,0.24761,128,1951
0,2792,13016,6,15165,3755,4.03862,7593,5423,2084,4,3755,15165,0.24761,128,1956
0,2793,13023,6,15165,3755,4.03862,7600,5423,2089,4,3755,15165,0.24761,116,1973
0,2794,13030,6,15165,3755,4.03862,7607,5423,2094,4,3755,15165,0.24761,107,1987
0,2795,13037,6,15165,3755,4.03862,7614,5423,2099,4,3755,15165,0.24761,215,1884
0,2796,13044,6,15165,3755,4.03862,7607,5437,2104,4,3755,15165,0.24761,190,1914
0,2797,13051,6,15165,3755,4.03862,7626,5425,2109,4,3755,15165,0.24761,169,1940
0,2798,13058,6,15165,3755,4.03862,7633,5425,2114,4,3755,15165,0.24761,164,1950
0,2799,13065,6,15165,3755,4.03862,7626,5439,2119,4,3755,15165,0.24761,147,1972
0,2800,13072,6,15165,3755,4.03862,7633,5439,2124,4,3755,15165,0.24761,133,1991
0,2801,13079,6,15165,3755,4.03862,7671,5408,2129,4,3755,15165,0.24761,121,2008
0,2802,13085,5,15240,3755,4.05859,7677,5408,2059,4,3755,15240,0.246391,214,1845
0,2803,13092,6,15290,3755,4.0719,7710,5382,2014,4,3755,15290,0.245585,147,1867
0,2804,13099,6,15290,3755,4.0719,7703,5396,2019,4,3755,15290,0.245585,145,1874
0,2805,13106,6,15290,3755,4.0719,7710,5396,2024,4,3755,15290,0.245585,156,1868
0,2806,13113,6,15290,3755,4.0719,7692,5421,2029,4,3755,15290,0.245585,141,1888
0,2807,13120,6,15290,3755,4.0719,7699,5421,2034,4,3755,15290,0.245585,127,1907
0,2808,13127,6,15290,3755,4.0719,7706,5421,2039,4,3755,15290,0.245585,115,1924
0,2809,13134,6,15290,3755,4.0719,7725,5409,2044,4,3755,15290,0.245585,104,1940
0,2810,13141,6,15290,3755,4.0719,7732,5409,2049,4,3755,15290,0.245585,108,1941
0,2811,13148,6,15290,3755,4.0719,7739,5409,2054,4,3755,15290,0.245585,99,1955
0,2812,13155,6,15290,3755,4.0719,7746,5409,2059,4,3755,15290,0.245585,91,1968
0,2813,13162,6,15290,3755,4.0719,7753,5409,2064,4,3755,15290,0.245585,85,1979
0,2814,13169,6,15290,3755,4.0719,7760,5409,2069,4,3755,15290,0.245585,79,1990
0,2815,13176,6,15290,3755,4.0719,7779,5397,2074,4,3755,15290,0.245585,74,2000
0,2816,13183,6,15290,3755,4.0719,7786,5397,2079,4,3755,15290,0.245585,82,1997
0,2817,13190,6,15290,3755,4.0719,7793,5397,2084,4,3755,15290,0.245585,258,1826
0,2818,13197,6,15290,3755,4.0719,7800,5397,2089,4,3755,15290,0.245585,227,1862
0,2819,13204,6,15290,3755,4.0719,7807,5397,2094,4,3755,15290,0.245585,201,1893
0,2820,13211,6,15290,3755,4.0719,7814,5397,2099,4,3755,15290,0.245585,232,1867
0,2821,13218,6,15290,3755,4.0719,7833,5385,2104,4,3755,15290,0.245585,204,1900
0,2822,13225,6,15290,3755,4.0719,7840,5385,2109,4,3755,15290,0.245585,193,1916
0,2823,13232,6,15290,3755,4.0719,7847,5385,2114,4,3755,15290,0.245585,172,1942
0,2824,13239,6,15290,3755,4.0719,7854,5385,2119,4,3755,15290,0.245585,154,1965
0,2825,13246,6,15290,3755,4.0719,7861,5385,2124,4,3755,15290,0.245585,139,1985
0,2826,13253,6,15290,3755,4.0719,7868,5385,2129,4,3755,15290,0.245585,126,2003
0,2827,13260,6,15290,3755,4.0719,7887,5373,2134,4,3755,15290,0.245585,114,2020
0,2828,13267,6,15290,3755,4.0719,7894,5373,2139,4,3755,15290,0.245585,117,2022
0,2829,13274,6,15290,3755,4.0719,7901,5373,2144,4,3755,15290,0.245585,107,2037
0,2830,13281,6,15290,3755,4.0719,7908,5373,2149,4,3755,15290,0.245585,99,2050
0,2831,13288,6,15290,3755,4.0719,7915,5373,2154,4,3755,15290,0.245585,92,2062
0,2832,13295,6,15290,3755,4.0719,7922,5373,2159,4,3755,15290,0.245585,86,2073
0,2833,13302,6,15290,3755,4.0719,7941,5361,2164,4,3755,15290,0.245585,80,2084
0,2834,13309,6,15290,3755,4.0719,7948,5361,2169,4,3755,15290,0.245585,88,2081
0,2835,13316,6,15290,3755,4.0719,7955,5361,2174,4,3755,15290,0.245585,497,1677
0,2836,13323,6,15290,3755,4.0719,7962,5361,2179,4,3755,15290,0.245585,431,1748
0,2837,13330,6,15290,3755,4.0719,7969,5361,2184,4,3755,15290,0.245585,374,1810
0,2838,13337,6,15290,3755,4.0719,7976,5361,2189,4,3755,15290,0.245585,379,1810
0,2839,13344,6,15290,3755,4.0719,7995,5349,2194,4,3755,15290,0.245585,329,1865
0,2840,13351,6,15290,3755,4.0719,8002,5349,2199,4,3755,15290,0.245585,300,1899
0,2841,13358,6,15290,3755,4.0719,8009,5349,2204,4,3755,15290,0.245585,263,1941
0,2842,13365,6,15290,3755,4.0719,8016,5349,2209,4,3755,15290,0.245585,232,1977
0,2843,13372,6,15290,3755,4.0719,8023,5349,2214,4,3755,15290,0.245585,205,2009
0,2844,13379,6,15290,3755,4.0719,8030,5349,2219,4,3755,15290,0.245585,182,2037
0,2845,13386,6,15290,3755,4.0719,8049,5337,2224,4,3755,15290,0.245585,162,2062
0,2846,13393,6,15290,3755,4.0719,8056,5337,2229,4,3755,15290,0.245585,158,2071
0,2847,13400,6,15290,3755,4.0719,8063,5337,2234,4,3755,15290,0.245585,142,2092
0,2848,13407,6,15290,3755,4.0719,8070,5337,2239,4,3755,15290,0.245585,129,2110
0,2849,13414,6,15290,3755,4.0719,8077,5337,2244,4,3755,15290,0.245585,118,2126
0,2850,13421,6,15290,3755,4.0719,8070,5351,2249,4,3755,15290,0.245585,108,2141
0,2851,13428,6,15290,3755,4.0719,8077,5351,2254,4,3755,15290,0.245585,99,2155
0,2852,13435,6,15290,3755,4.0719,8084,5351,2259,4,3755,15290,0.245585,104,2155
0,2853,13442,6,15290,3755,4.0719,8091,5351,2264,4,3755,15290,0.245585,96,2168
0,2854,13449,6,15290,3755,4.0719,8098,5351,2269,4,3755,15290,0.245585,90,2179
0,2855,13456,6,15290,3755,4.0719,8105,5351,2274,4,3755,15290,0.245585,84,2190
0,2856,13463,6,15290,3755,4.0719,8112,5351,2279,4,3755,15290,0.245585,133,2146
0,2857,13470,6,15290,3755,4.0719,8119,5351,2284,4,3755,15290,0.245585,120,2164
0,2858,13477,6,15290,3755,4.0719,8126,5351,2289,4,3755,15290,0.245585,122,2167
0,2859,13484,6,15290,3755,4.0719,8133,5351,2294,4,3755,15290,0.245585,111,2183
0,2860,13491,6,15290,3755,4.0719,8140,5351,2299,4,3755,15290,0.245585,103,2196
0,2861,13498,6,15290,3755,4.0719,8147,5351,2304,4,3755,15290,0.245585,95,2209
0,2862,13505,6,15290,3755,4.0719,8154,5351,2309,4,3755,15290,0.245585,88,2221
0,2863,13512,6,15290,3755,4.0719,8161,5351,2314,4,3755,15290,0.245585,82,2232
0,2864,13519,6,15290,3755,4.0719,8168,5351,2319,4,3755,15290,0.245585,90,2229
0,2865,13526,6,15290,3755,4.0719,8195,5331,2324,4,3755,15290,0.245585,84,2240
0,2866,13533,6,15290,3755,4.0719,8202,5331,2329,4,3755,15290,0.245585,80,2249
0,2867,13540,6,15290,3755,4.0719,8209,5331,2334,4,3755,15290,0.245585,76,2258
0,2868,13547,6,15290,3755,4.0719,8216,5331,2339,4,3755,15290,0.245585,72,2267
0,2869,13554,6,15290,3755,4.0719,8223,5331,2344,4,3755,15290,0.245585,68,2276
0,2870,13561,6,15290,3755,4.0719,8216,5345,2349,4,3755,15290,0.245585,78,2271
0,2871,13568,6,15290,3755,4.0719,8223,5345,2354,4,3755,15290,0.245585,74,2280
0,2872,13575,6,15290,3755,4.0719,8230,5345,2359,4,3755,15290,0.245585,71,2288
0,2873,13582,6,15290,3755,4.0719,8237,5345,2364,4,3755,15290,0.245585,68,2296
0,2874,13589,6,15290,3755,4.0719,8244,5345,2369,4,3755,15290,0.245585,119,2250
0,2875,13596,6,15290,3755,4.0719,8251,5345,2374,4,3755,15290,0.245585,108,2266
0,2876,13603,6,15290,3755,4.0719,9019,4584,2379,4,3755,15290,0.245585,112,2267
0,2877,13610,6,15290,3755,4.0719,11398,2212,2384,4,3755,15290,0.245585,103,2281
0,2878,13617,6,15290,3755,4.0719,11405,2212,2389,4,3755,15290,0.245585,96,2293
0,2879,13624,6,15290,3755,4.0719,12985,639,2394,4,3755,15290,0.245585,89,2305
0,2880,13631,6,15290,3755,4.0719,12992,639,2399,4,3755,15290,0.245585,83,2316
0,2881,13638,6,15290,3755,4.0719,12999,639,2404,4,3755,15290,0.245585,78,2326
0,2882,13645,6,15290,3755,4.0719,12992,653,2409,4,3755,15290,0.245585,86,2323
0,2883,13652,6,15290,3755,4.0719,12999,653,2414,4,3755,15290,0.245585,81,2333
0,2884,13659,6,15290,3755,4.0719,13006,653,2419,4,3755,15290,0.245585,77,2342
0,2885,13666,6,15290,3755,4.0719,13013,653,2424,4,3755,15290,0.245585,73,2351
0,2886,13673,6,15290,3755,4.0719,13020,653,2429,4,3755,15290,0.245585,70,2359
0,2887,13680,6,15290,3755,4.0719,13027,653,2434,4,3755,15290,0.245585,67,2367
0,2888,13687,6,15290,3755,4.0719,13034,653,2439,4,3755,15290,0.245585,77,2362
0,2889,13694,6,15290,3755,4.0719,13027,667,2444,4,3755,15290,0.245585,73,2371
0,2890,13701,6,15290,3755,4.0719,13034,667,2449,4,3755,15290,0.245585,70,2379
0,2891,13708,6,15290,3755,4.0719,13041,667,2454,4,3755,15290,0.245585,78,2376
0,2892,13715,6,15290,3755,4.0719,13037,678,2459,4,3755,15290,0.245585,128,2331
0,2893,13722,6,15290,3755,4.0719,13021,701,2464,4,3755,15290,0.245585,115,2349
0,2894,13729,6,15290,3755,4.0719,13028,701,2469,4,3755,15290,0.245585,117,2352
0,2895,13736,6,15290,3755,4.0719,13016,720,2474,4,3755,15290,0.245585,107,2367
0,2896,13743,6,15290,3755,4.0719,13005,738,2479,4,3755,15290,0.245585,99,2380
0,2897,13750,6,15332,3755,4.08309,12995,755,2442,4,3755,15332,0.244913,91,2351
0,2898,13757,6,15332,3755,4.08309,12986,771,2447,4,3755,15332,0.244913,84,2363
0,2899,13764,6,15332,3755,4.08309,13176,588,2452,4,3755,15332,0.244913,78,2374
0,2900,13771,6,15332,3755,4.08309,13183,588,2457,4,3755,15332,0.244913,86,2371
0,2901,13778,6,15332,3755,4.08309,13190,588,2462,4,3755,15332,0.244913,81,2381
0,2902,13785,6,15332,3755,4.08309,13197,588,2467,4,3755,15332,0.244913,77,2390
0,2903,13792,6,15332,3755,4.08309,13204,588,2472,4,3755,15332,0.244913,73,2399
0,2904,13799,6,15332,3755,4.08309,13211,588,2477,4,3755,15332,0.244913,70,2407
0,2905,13806,6,15332,3755,4.08309,13218,588,2482,4,3755,15332,0.244913,67,2415
0,2906,13813,6,15332,3755,4.08309,13225,588,2487,4,3755,15332,0.244913,77,2410
0,2907,13820,6,15332,3755,4.08309,13359,461,2492,4,3755,15332,0.244913,73,2419
0,2908,13827,6,15332,3755,4.08309,13366,461,2497,4,3755,15332,0.244913,70,2427
0,2909,13834,6,15332,3755,4.08309,13373,461,2502,4,3755,15332,0.244913,67,2435
0,2910,13841,6,15332,3755,4.08309,13380,461,2507,4,3755,15332,0.244913,119,2388
0,2911,13848,6,15332,3755,4.08309,13634,214,2512,4,3755,15332,0.244913,108,2404
0,2912,13855,6,15332,3755,4.08309,13627,228,2517,4,3755,15332,0.244913,485,2032
0,2913,13862,6,15332,3755,4.08309,13261,601,2522,4,3755,15332,0.244913,420,2102
0,2914,13869,6,15332,3755,4.08309,13268,601,2527,4,3755,15332,0.244913,365,2162
0,2915,13876,6,15332,3755,4.08309,13275,601,2532,4,3755,15332,0.244913,317,2215
0,2916,13883,6,15332,3755,4.08309,13282,601,2537,4,3755,15332,0.244913,276,2261
0,2917,13890,6,15332,3755,4.08309,13289,601,2542,4,3755,15332,0.244913,242,2300
0,2918,13897,6,15332,3755,4.08309,13296,601,2547,4,3755,15332,0.244913,225,2322
0,2919,13904,6,15332,3755,4.08309,13303,601,2552,4,3755,15332,0.244913,199,2353
0,2920,13911,6,15332,3755,4.08309,13310,601,2557,4,3755,15332,0.244913,177,2380
0,2921,13918,6,15332,3755,4.08309,13317,601,2562,4,3755,15332,0.244913,158,2404
0,2922,13925,6,15332,3755,4.08309,13324,601,2567,4,3755,15332,0.244913,142,2425
0,2923,13932,6,15332,3755,4.08309,13331,601,2572,4,3755,15332,0.244913,128,2444
0,2924,13939,6,15332,3755,4.08309,13338,601,2577,4,3755,15332,0.244913,128,2449
0,2925,13946,6,15332,3755,4.08309,13559,387,2582,4,3755,15332,0.244913,116,2466
0,2926,13953,6,15332,3755,4.08309,13566,387,2587,4,3755,15332,0.244913,349,2238
0,2927,13960,6,15332,3755,4.08309,13573,387,2592,4,3755,15332,0.244913,304,2288
0,2928,13967,6,15332,3755,4.08309,13580,387,2597,4,3755,15332,0.244913,320,2277
0,2929,13974,6,15332,3755,4.08309,13587,387,2602,4,3755,15332,0.244913,278,2324
0,2930,13981,6,15332,3755,4.08309,13594,387,2607,4,3755,15332,0.244913,256,2351
0,2931,13988,6,15332,3755,4.08309,13601,387,2612,4,3755,15332,0.244913,225,2387
0,2932,13995,6,15332,3755,4.08309,13608,387,2617,4,3755,15332,0.244913,199,2418
0,2933,14002,6,15332,3755,4.08309,13615,387,2622,4,3755,15332,0.244913,176,2446
0,2934,14009,6,15332,3755,4.08309,13622,387,2627,4,3755,15332,0.244913,156,2471
0,2935,14016,6,15332,3755,4.08309,13629,387,2632,4,3755,15332,0.244913,140,2492
0,2936,14023,6,15332,3755,4.08309,13636,387,2637,4,3755,15332,0.244913,138,2499
0,2937,14030,6,15332,3755,4.08309,13643,387,2642,4,3755,15332,0.244913,125,2517
0,2938,14037,6,15332,3755,4.08309,13650,387,2647,4,3755,15332,0.244913,333,2314
0,2939,14044,6,15332,3755,4.08309,13657,387,2652,4,3755,15332,0.244913,290,2362
0,2940,14051,6,15332,3755,4.08309,13664,387,2657,4,3755,15332,0.244913,254,2403
0,2941,14058,6,15332,3755,4.08309,13671,387,2662,4,3755,15332,0.244913,223,2439
0,2942,14065,6,15332,3755,4.08309,13678,387,2667,4,3755,15332,0.244913,209,2458
0,2943,14072,6,15332,3755,4.08309,13685,387,2672,4,3755,15332,0.244913,185,2487
0,2944,14079,6,15332,3755,4.08309,13692,387,2677,4,3755,15332,0.244913,165,2512
0,2945,14086,6,15332,3755,4.08309,13699,387,2682,4,3755,15332,0.244913,147,2535
0,2946,14093,6,15332,3755,4.08309,13706,387,2687,4,3755,15332,0.244913,187,2500
0,2947,14100,6,15332,3755,4.08309,13713,387,2692,4,3755,15332,0.244913,165,2527
0,2948,14107,6,15332,3755,4.08309,13720,387,2697,4,3755,15332,0.244913,160,2537
0,2949,14114,6,15332,3755,4.08309,13727,387,2702,4,3755,15332,0.244913,143,2559
0,2950,14121,6,15332,3755,4.08309,13734,387,2707,4,3755,15332,0.244913,130,2577
0,2951,14128,6,15332,3755,4.08309,13741,387,2712,4,3755,15332,0.244913,117,2595
0,2952,14135,6,15332,3755,4.08309,13748,387,2717,4,3755,15332,0.244913,106,2611
0,2953,14142,6,15332,3755,4.08309,13755,387,2722,4,3755,15332,0.244913,97,2625
0,2954,14149,6,15332,3755,4.08309,13762,387,2727,4,3755,15332,0.244913,102,2625
0,2955,14156,6,15332,3755,4.08309,13769,387,2732,4,3755,15332,0.244913,94,2638
0,2956,14163,6,15332,3755,4.08309,13776,387,2737,4,3755,15332,0.244913,88,2649
0,2957,14170,6,15332,3755,4.08309,13783,387,2742,4,3755,15332,0.244913,82,2660
0,2958,14177,6,15332,3755,4.08309,13790,387,2747,4,3755,15332,0.244913,77,2670
0,2959,14184,6,15332,3755,4.08309,13797,387,2752,4,3755,15332,0.244913,72,2680
0,2960,14191,6,15332,3755,4.08309,13804,387,2757,4,3755,15332,0.244913,81,2676
0,2961,14198,6,15332,3755,4.08309,13811,387,2762,4,3755,15332,0.244913,324,2438
0,2962,14205,6,15332,3755,4.08309,13818,387,2767,4,3755,15332,0.244913,283,2484
0,2963,14212,6,15332,3755,4.08309,13825,387,2772,4,3755,15332,0.244913,248,2524
0,2964,14219,6,15332,3755,4.08309,13832,387,2777,4,3755,15332,0.244913,272,2505
0,2965,14226,6,15332,3755,4.08309,13839,387,2782,4,3755,15332,0.244913,238,2544
0,2966,14233,6,15332,3755,4.08309,13846,387,2787,4,3755,15332,0.244913,222,2565
0,2967,14240,6,15332,3755,4.08309,13853,387,2792,4,3755,15332,0.244913,196,2596
0,2968,14247,6,15332,3755,4.08309,13860,387,2797,4,3755,15332,0.244913,175,2622
0,2969,14254,6,15332,3755,4.08309,13867,387,2802,4,3755,15332,0.244913,156,2646
0,2970,14261,6,15332,3755,4.08309,13874,387,2807,4,3755,15332,0.244913,139,2668
0,2971,14268,6,15332,3755,4.08309,13881,387,2812,4,3755,15332,0.244913,125,2687
0,2972,14275,6,15332,3755,4.08309,13888,387,2817,4,3755,15332,0.244913,125,2692
0,2973,14282,6,15332,3755,4.08309,13895,387,2822,4,3755,15332,0.244913,114,2708
0,2974,14289,6,15332,3755,4.08309,13902,387,2827,4,3755,15332,0.244913,105,2722
0,2975,14296,6,15332,3755,4.08309,13909,387,2832,4,3755,15332,0.244913,96,2736
0,2976,14303,6,15332,3755,4.08309,13916,387,2837,4,3755,15332,0.244913,89,2748
0,2977,14310,6,15332,3755,4.08309,13923,387,2842,4,3755,15332,0.244913,83,2759
0,2978,14317,6,15332,3755,4.08309,13930,387,2847,4,3755,15332,0.244913,90,2757
0,2979,14324,6,15332,3755,4.08309,13937,387,2852,4,3755,15332,0.244913,84,2768
0,2980,14331,6,15332,3755,4.08309,13944,387,2857,4,3755,15332,0.244913,79,2778
0,2981,14338,6,15332,3755,4.08309,13951,387,2862,4,3755,15332,0.244913,74,2788
0,2982,14345,6,15332,3755,4.08309,13958,387,2867,4,3755,15332,0.244913,707,2160
0,2983,14352,6,15332,3755,4.08309,13750,602,2872,4,3755,15332,0.244913,607,2265
0,2984,14359,6,15332,3755,4.08309,13757,602,2877,4,3755,15332,0.244913,536,2341
0,2985,14366,6,15332,3755,4.08309,13764,602,2882,4,3755,15332,0.244913,463,2419
0,2986,14373,6,15332,3755,4.08309,13771,602,2887,4,3755,15332,0.244913,402,2485
0,2987,14380,6,15332,3755,4.08309,13778,602,2892,4,3755,15332,0.244913,349,2543
0,2988,14387,6,15332,3755,4.08309,13785,602,2897,4,3755,15332,0.244913,304,2593
0,2989,14394,6,15332,3755,4.08309,13792,602,2902,4,3755,15332,0.244913,265,2637
0,2990,14401,6,15332,3755,4.08309,13799,602,2907,4,3755,15332,0.244913,244,2663
0,2991,14408,6,15332,3755,4.08309,13806,602,2912,4,3755,15332,0.244913,215,2697
0,2992,14415,6,15332,3755,4.08309,13813,602,2917,4,3755,15332,0.244913,190,2727
0,2993,14422,6,15332,3755,4.08309,13820,602,2922,4,3755,15332,0.244913,169,2753
0,2994,14429,6,15332,3755,4.08309,13827,602,2927,4,3755,15332,0.244913,151,2776
0,2995,14436,6,15332,3755,4.08309,13834,602,2932,4,3755,15332,0.244913,135,2797
0,2996,14443,6,15332,3755,4.08309,13841,602,2937,4,3755,15332,0.244913,134,2803
0,2997,14450,6,15332,3755,4.08309,13848,602,2942,4,3755,15332,0.244913,121,2821
0,2998,14457,6,15332,3755,4.08309,13855,602,2947,4,3755,15332,0.244913,110,2837
0,2999,14464,6,15332,3755,4.08309,13862,602,2952,4,3755,15332,0.244913,101,2851
